Article Name,Item ID 1,Item ID 2,Item ID 3,Item ID 4,Item ID 5,Item ID 6,Item ID 7,Item ID 8,Item ID 9,Item ID 10,Item ID 11,Item ID 12,Item ID 13,Item ID 14,Item ID 15
.223 Bullet Mold,Base.223BulletsMold,,,,,,,,,,,,,,
.223 Round,Base.223Bullets,,,,,,,,,,,,,,
.308 Bullet Mold,Base.308BulletsMold,,,,,,,,,,,,,,
.308 Round,Base.308Bullets,,,,,,,,,,,,,,
.38 Special Round,Base.Bullets38,,,,,,,,,,,,,,
.44 Magnum Round,Base.Bullets44,,,,,,,,,,,,,,
.45 Auto Round,Base.Bullets45,,,,,,,,,,,,,,
012,Base.VHS_Home,,,,,,,,,,,,,,
5.56mm Round,Base.556Bullets,,,,,,,,,,,,,,
8th Birthday,Base.VHS_Home,,,,,,,,,,,,,,
9mm Bullet Mold,Base.9mmBulletsMold,,,,,,,,,,,,,,
9mm Round,Base.Bullets9mm,,,,,,,,,,,,,,
A Boy from Kentucky,Base.Disc_Retail,,,,,,,,,,,,,,
A Truck Full of Love,Base.Disc_Retail,,,,,,,,,,,,,,
ARRA Pitch,Base.VHS_Home,,,,,,,,,,,,,,
Ace Pilot,Base.VHS_Retail,,,,,,,,,,,,,,
Acorn,Base.Acorn,,,,,,,,,,,,,,
Acoustic Guitar,Base.GuitarAcoustic,,,,,,,,,,,,,,
Adhesive Bandages,Base.Bandaid,,,,,,,,,,,,,,
Adhesive Tape,Base.Scotchtape,,,,,,,,,,,,,,
Aerosol Bomb,Base.Aerosolbomb,,,,,,,,,,,,,,
Aerosol Bomb with Sensor,Base.AerosolbombSensorV3,Base.AerosolbombSensorV2,Base.AerosolbombSensorV3,,,,,,,,,,,,
Aerosol Bomb with Timer,Base.AerosolbombTriggered,,,,,,,,,,,,,,
Air Force Coveralls,Base.Boilersuit_Flying,,,,,,,,,,,,,,
Air Force Helmet,Base.Hat_SPHhelmet,,,,,,,,,,,,,,
Alarm Clock,Base.AlarmClock,,,,,,,,,,,,,,
Alaskan Gulf Documentary,Base.VHS_Home,,,,,,,,,,,,,,
Albert Wellen QC S2.01,Base.VHS_Retail,,,,,,,,,,,,,,
Albert Wellen QC S2.02,Base.VHS_Retail,,,,,,,,,,,,,,
Albert Wellen QC S2.03,Base.VHS_Retail,,,,,,,,,,,,,,
Albert Wellen QC S2.04,Base.VHS_Retail,,,,,,,,,,,,,,
Albert Wellen QC S2.05,Base.VHS_Retail,,,,,,,,,,,,,,
Alcohol Wipes,Base.AlcoholWipes,,,,,,,,,,,,,,
All Over Again,Base.VHS_Retail,,,,,,,,,,,,,,
Allsorts,Base.Allsorts,,,,,,,,,,,,,,
Aluminum,Base.Aluminum,,,,,,,,,,,,,,
Alva Richards (Ashling Dwyer),Base.VHS_Home,,,,,,,,,,,,,,
Alva Richards (Pierce Daniels),Base.VHS_Home,,,,,,,,,,,,,,
Ammo Straps,Base.AmmoStraps,,,,,,,,,,,,,,
Amplifier,Base.Amplifier,,,,,,,,,,,,,,
Angler USA Magazine Vol. 1,Base.FishingMag1,,,,,,,,,,,,,,
Angler USA Magazine Vol. 2,Base.FishingMag2,,,,,,,,,,,,,,
Animal Print Underpants,Base.Underpants_AnimalPrint,,,,,,,,,,,,,,
Annotated Map,,,,,,,,,,,,,,,
Antibiotics,Base.Antibiotics,,,,,,,,,,,,,,
Antidepressants,Base.PillsAntiDep,,,,,,,,,,,,,,
Antique Television,Radio.TvAntique,,,,,,,,,,,,,,
Antlers Boppers,Base.Hat_Antlers,,,,,,,,,,,,,,
Apple,Base.Apple,,,,,,,,,,,,,,
Apple Pie Slice,Base.PieApple,,,,,,,,,,,,,,
Apron,,,,,,,,,,,,,,,
Apron (black),Base.Apron_Black,,,,,,,,,,,,,,
Apron (white),Base.Apron_White,,,,,,,,,,,,,,
Army Beret,Base.Hat_BeretArmy,,,,,,,,,,,,,,
Army Coat,Base.Jacket_CoatArmy,,,,,,,,,,,,,,
Army Pants,Base.Trousers_ArmyService,,,,,,,,,,,,,,
Avocado,Base.Avocado,,,,,,,,,,,,,,
Axe,Base.Axe,,,,,,,,,,,,,,
Baby Summer!,Base.VHS_Home,,,,,,,,,,,,,,
Backgammon Board,Base.BackgammonBoard,,,,,,,,,,,,,,
Bacon,farming.Bacon,,,,,,,,,,,,,,
Bacon Bits,farming.BaconBits,,,,,,,,,,,,,,
Bacon Strips,farming.BaconRashers,,,,,,,,,,,,,,
Badminton Racket,Base.BadmintonRacket,,,,,,,,,,,,,,
Bag of Concrete Powder,Base.ConcretePowder,,,,,,,,,,,,,,
Bag of Plaster Powder,Base.PlasterPowder,,,,,,,,,,,,,,
Bagel,Base.BagelPlain,,,,,,,,,,,,,,
Baggy Jeans,Base.Trousers_JeanBaggy,,,,,,,,,,,,,,
Baguette,Base.BaguetteDough,,,,,,,,,,,,,,
Baguette (dough),Base.BaguetteDough,,,,,,,,,,,,,,
Baking Pan,Base.BakingPan,,,,,,,,,,,,,,
Baking Soda,Base.BakingSoda,,,,,,,,,,,,,,
Baking Tray,Base.BakingTray,,,,,,,,,,,,,,
Balaclava,Base.Hat_BalaclavaFull,,,,,,,,,,,,,,
Ball-peen Hammer,Base.BallPeenHammer,,,,,,,,,,,,,,
Ballincoolin S1.01,Base.VHS_Retail,,,,,,,,,,,,,,
Ballincoolin S1.02,Base.VHS_Retail,,,,,,,,,,,,,,
Ballincoolin S1.03,Base.VHS_Retail,,,,,,,,,,,,,,
Ballincoolin S1.04,Base.VHS_Retail,,,,,,,,,,,,,,
Ballincoolin S1.05,Base.VHS_Retail,,,,,,,,,,,,,,
Baloney,Base.Baloney,,,,,,,,,,,,,,
Baloney Slices,Base.BaloneySlice,,,,,,,,,,,,,,
Banana,Base.Banana,,,,,,,,,,,,,,
Bandage,Base.Bandage,Base.BandageDirty,Base.AlcoholBandage,,,,,,,,,,,,
Bandana,''See [[#Variants|Variants]]'',,,,,,,,,,,,,,
Bandeau,Base.BoobTube,,,,,,,,,,,,,,
Banjo,Base.Banjo,,,,,,,,,,,,,,
Barbed Wire,Base.BarbedWire,,,,,,,,,,,,,,
Barbell,Base.BarBell,,,,,,,,,,,,,,
Bare Hands,Base.BareHands,,,,,,,,,,,,,,
Barrel Dogs Leather Jacket,Base.Jacket_LeatherBarrelDogs,,,,,,,,,,,,,,
"Bartleby, the Scrivener - Audio Book",Base.Disc_Retail,,,,,,,,,,,,,,
Baseball,Base.Baseball,,,,,,,,,,,,,,
Baseball Bat,Base.BaseballBat,,,,,,,,,,,,,,
Baseball Cap,Base.Hat_BaseballCapGreen_Reverse,Base.Hat_BaseballCap_Reverse,Base.Hat_BaseballCapKY,Base.Hat_BaseballCapKY_Reverse,Base.Hat_BaseballCapKY_Red,Base.Hat_BaseballCapBlue,Base.Hat_BaseballCapBlue_Reverse,Base.Hat_BaseballCapRed,Base.Hat_BaseballCapRed_Reverse,Base.Hat_BaseballCapGreen,Base.Hat_BaseballCapGreen_Reverse,Base.Hat_BaseballCapArmy,,,
Basic Gun Handling (Officer Use Only),Base.VHS_Home,,,,,,,,,,,,,,
Basil,Base.Basil,,,,,,,,,,,,,,
Basketball,Base.Basketball,,,,,,,,,,,,,,
Bass,Base.Bass,,,,,,,,,,,,,,
Bath Robe,Base.LongCoat_Bathrobe,,,,,,,,,,,,,,
Bath Towel,Base.BathTowel,Base.BathTowelWet,,,,,,,,,,,,,
Battery,Base.Battery,,,,,,,,,,,,,,
Bauman and Triskel (Pleistocene Land),Base.VHS_Home,,,,,,,,,,,,,,
Bauman and Triskel April 15,Base.VHS_Home,,,,,,,,,,,,,,
Bauman and Triskel April 8,Base.VHS_Home,,,,,,,,,,,,,,
Bauman/Triskel 14,Base.VHS_Home,,,,,,,,,,,,,,
Bayonet,Base.Bayonnet,,,,,,,,,,,,,,
Beach summer 91,Base.VHS_Home,,,,,,,,,,,,,,
Beanie Hat,Base.Hat_Beany,,,,,,,,,,,,,,
Beautyberry,Base.BeautyBerry,,,,,,,,,,,,,,
Beef Jerky,Base.BeefJerky,,,,,,,,,,,,,,
Beer Bottle,Base.BeerBottle,,,,,,,,,,,,,,
Beer Can,Base.BeerCan,,,,,,,,,,,,,,
Beer in a Cup,Base.Beer2,,,,,,,,,,,,,,
Beer in a Tumbler,Base.Beer,,,,,,,,,,,,,,
Bell,Base.Bell,,,,,,,,,,,,,,
Bell Pepper,Base.BellPepper,,,,,,,,,,,,,,
Bellows,Base.Bellows,,,,,,,,,,,,,,
Belly Button Dangle Gold,Base.BellyButton_DangleGold,,,,,,,,,,,,,,
Belly Button Dangle Gold Ruby,Base.BellyButton_DangleGoldRuby,,,,,,,,,,,,,,
Belly Button Dangle Silver,Base.BellyButton_DangleSilver,,,,,,,,,,,,,,
Belly Button Dangle Silver Diamond,Base.BellyButton_DangleSilverDiamond,,,,,,,,,,,,,,
Belly Button Ring,,,,,,,,,,,,,,,
Belly Button Ring Gold,Base.BellyButton_RingGold,,,,,,,,,,,,,,
Belly Button Ring Gold Diamond,Base.BellyButton_RingGoldDiamond,,,,,,,,,,,,,,
Belly Button Ring Gold Ruby,Base.BellyButton_RingGoldRuby,,,,,,,,,,,,,,
Belly Button Ring Silver,Base.BellyButton_RingSilver,,,,,,,,,,,,,,
Belly Button Ring Silver Amethyst,Base.BellyButton_RingSilverAmethyst,,,,,,,,,,,,,,
Belly Button Ring Silver Diamond,Base.BellyButton_RingSilverDiamond,,,,,,,,,,,,,,
Belly Button Ring Silver Ruby,Base.BellyButton_RingSilverRuby,,,,,,,,,,,,,,
Belly Button Stud Gold,Base.BellyButton_StudGold,,,,,,,,,,,,,,
Belly Button Stud Gold Diamond,Base.BellyButton_StudGoldDiamond,,,,,,,,,,,,,,
Belly Button Stud Silver,Base.BellyButton_StudSilver,,,,,,,,,,,,,,
Belly Button Stud Silver Diamond,Base.BellyButton_StudSilverDiamond,,,,,,,,,,,,,,
Belt,Base.Belt2,Base.Belt (pre-[[Build 41|b41]]),,,,,,,,,,,,,
Beret,Base.Hat_Beret,,,,,,,,,,,,,,
Berlin nach Stuttgart,Base.Disc_Retail,,,,,,,,,,,,,,
Berries,,,,,,,,,,,,,,,
Berries (blackberries),Base.BerryBlack,,,,,,,,,,,,,,
Berries (blueberries),Base.BerryBlue,,,,,,,,,,,,,,
Berries (generic blue),Base.BerryGeneric1,,,,,,,,,,,,,,
Berries (generic orange),Base.BerryGeneric4,,,,,,,,,,,,,,
Berries (generic purple),Base.BerryGeneric5,,,,,,,,,,,,,,
Berries (generic red),Base.BerryGeneric1,,,,,,,,,,,,,,
Berries (generic yellow),Base.BerryGeneric3,,,,,,,,,,,,,,
Berries (poison ivy),Base.BerryPoisonIvy,,,,,,,,,,,,,,
Best of the Bojangles,Base.Disc_Retail,,,,,,,,,,,,,,
Beta Blockers,Base.PillsBeta,,,,,,,,,,,,,,
Beverage (cup),Base.Beverage,,,,,,,,,,,,,,
Beverage (mug),Base.HotDrinkSpiffo,Base.HotDrinkRed,Base.HotDrinkWhite,Base.HotDrinkSpiffo,,,,,,,,,,,
Beverage (tumbler),Base.Beverage,,,,,,,,,,,,,,
Bible Readings - Genesis,Base.Disc_Retail,,,,,,,,,,,,,,
Bible Readings - Revelation,Base.Disc_Retail,,,,,,,,,,,,,,
Bible Readings - Sermon on the Mount,Base.Disc_Retail,,,,,,,,,,,,,,
Bible Readings - The Crucifixion,Base.Disc_Retail,,,,,,,,,,,,,,
Bible Readings - Tower of Babel,Base.Disc_Retail,,,,,,,,,,,,,,
Bicycle Helmet,Base.Hat_BicycleHelmet,,,,,,,,,,,,,,
Big Hiking Bag,Base.Bag_BigHikingBag,,,,,,,,,,,,,,
Big Spiffo,Base.SpiffoBig,,,,,,,,,,,,,,
Bikini,Base.Bikini_TINT,,,,,,,,,,,,,,
Bikini (pattern),Base.Bikini_Pattern01,,,,,,,,,,,,,,
Biscuit,Base.Biscuit,,,,,,,,,,,,,,
Black Band Fedora,Base.Hat_Fedora_Delmonte,,,,,,,,,,,,,,
Black Beans,Base.Blackbeans,,,,,,,,,,,,,,
Black Chess Pieces,Base.ChessBlack,,,,,,,,,,,,,,
Black Choker,Base.Necklace_Choker,,,,,,,,,,,,,,
Black Corset,Base.Corset_Black,,,,,,,,,,,,,,
Black Digital Watch,Base.WristWatch_Left_DigitalBlack,,,,,,,,,,,,,,
Black Forest Cake Slice,Base.CakeBlackForest,,,,,,,,,,,,,,
Black Frilly Underpants,Base.FrillyUnderpants_Black,,,,,,,,,,,,,,
Black Game Pieces,Base.GamePieceBlack,,,,,,,,,,,,,,
Black Hair Dye,Base.HairDyeBlack,,,,,,,,,,,,,,
Black Holes space doc,Base.VHS_Home,,,,,,,,,,,,,,
Black Leather Trousers,Base.Trousers_LeatherBlack,,,,,,,,,,,,,,
Black Licorice,Base.LicoriceBlack,,,,,,,,,,,,,,
Black Paint,Base.PaintBlack,,,,,,,,,,,,,,
Black Sage,Base.BlackSage,,,,,,,,,,,,,,
Black Trousers,Base.Trousers_Black,,,,,,,,,,,,,,
Black Trunks,Base.Briefs_SmallTrunks_Black,,,,,,,,,,,,,,
Black Underpants,Base.Underpants_Black,,,,,,,,,,,,,,
Blacksmith Vol. 1,Base.BookBlacksmith1,,,,,,,,,,,,,,
Blacksmith Vol. 2,Base.BookBlacksmith2,,,,,,,,,,,,,,
Blacksmith Vol. 3,Base.BookBlacksmith3,,,,,,,,,,,,,,
Blacksmith Vol. 4,Base.BookBlacksmith4,,,,,,,,,,,,,,
Blacksmith Vol. 5,Base.BookBlacksmith5,,,,,,,,,,,,,,
Bleach,Base.Bleach,,,,,,,,,,,,,,
Blonde Hair Dye,Base.HairDyeBlonde,,,,,,,,,,,,,,
Blood in the Hood,Base.VHS_Retail,,,,,,,,,,,,,,
Blue Fireman T-shirt,Base.Tshirt_Profession_FiremanBlue,,,,,,,,,,,,,,
Blue Hair Dye,Base.HairDyeBlue,,,,,,,,,,,,,,
Blue Light Bulb,Base.LightBulbBlue,,,,,,,,,,,,,,
Blue Paint,Base.PaintBlue,,,,,,,,,,,,,,
Blue Plate,Base.PlateBlue,,,,,,,,,,,,,,
Blue Police T-shirt,Base.Tshirt_Profession_PoliceBlue,,,,,,,,,,,,,,
Blue Trunks,Base.Briefs_SmallTrunks_Blue,,,,,,,,,,,,,,
Blueberry Pie Slice,Base.PieBlueberry,,,,,,,,,,,,,,
Boiled Egg,Base.EggBoiled,,,,,,,,,,,,,,
Book,Base.Book,,,,,,,,,,,,,,
Boonie Hat,Base.Hat_BonnieHat,,,,,,,,,,,,,,
Boots,Base.Shoes_BlackBoots,,,,,,,,,,,,,,
Boris The Badger,Base.BorisBadger,,,,,,,,,,,,,,
Bottle of Disinfectant,Base.Disinfectant,,,,,,,,,,,,,,
Bottle of Gasoline,Base.WinePetrol,Base.PetrolPopBottle,Base.PetrolBleachBottle,Base.WinePetrol,Base.WhiskeyPetrol,,,,,,,,,,
Bottle with Water (Bleach),Base.WaterBleachBottle,Base.BleachEmpty,,,,,,,,,,,,,
Bouillon Cube,Base.BouillonCube,,,,,,,,,,,,,,
Bourbon,Base.WhiskeyFull,,,,,,,,,,,,,,
Bow Tie,Base.Tie_BowTieFull,,,,,,,,,,,,,,
Bowl,Base.Bowl,Base.WaterBowl,,,,,,,,,,,,,
Bowl of Beans,Base.BeanBowl,,,,,,,,,,,,,,
Bowl of Cereal,Base.CerealBowl,,,,,,,,,,,,,,
Bowl of Oatmeal,Base.Oatmeal,,,,,,,,,,,,,,
Bowl of Oatmeal (crafted),Base.Oatmeal,,,,,,,,,,,,,,
Bowl of Ramen Noodles,Base.RamenBowl,,,,,,,,,,,,,,
Bowl of Soup,Base.SoupBowl,,,,,,,,,,,,,,
Bowling Ball Bag,Base.Bag_BowlingBallBag,,,,,,,,,,,,,,
Bowling Shirt Blue,Base.Shirt_Bowling_Blue,,,,,,,,,,,,,,
Bowling Shirt Brown,Base.Shirt_Bowling_Brown,,,,,,,,,,,,,,
Bowling Shirt Green,Base.Shirt_Bowling_Green,,,,,,,,,,,,,,
Bowling Shirt Lime Green,Base.Shirt_Bowling_LimeGreen,,,,,,,,,,,,,,
Bowling Shirt Pink,Base.Shirt_Bowling_Pink,,,,,,,,,,,,,,
Bowling Shirt White,Base.Shirt_Bowling_White,,,,,,,,,,,,,,
Bowling Shoes,Base.Shoes_Bowling,,,,,,,,,,,,,,
Box of .223 Rounds,Base.223Box,,,,,,,,,,,,,,
Box of .308 Rounds,Base.308Box,,,,,,,,,,,,,,
Box of .38 Special Rounds,Base.Bullets38Box,,,,,,,,,,,,,,
Box of .44 Magnum Rounds,Base.Bullets44Box,,,,,,,,,,,,,,
Box of .45 Auto Rounds,Base.Bullets45Box,,,,,,,,,,,,,,
Box of 5.56mm Rounds,Base.556Box,,,,,,,,,,,,,,
Box of 9mm Rounds,Base.Bullets9mmBox,,,,,,,,,,,,,,
Box of Jars,Base.BoxOfJars,,,,,,,,,,,,,,
Box of Nails,Base.NailsBox,,,,,,,,,,,,,,
Box of Paperclips,Base.PaperclipBox,,,,,,,,,,,,,,
Box of Screws,Base.ScrewsBox,,,,,,,,,,,,,,
Box of Shotgun Shells,Base.ShotgunShellsBox,,,,,,,,,,,,,,
Box of Sparklers,Base.Sparklers,,,,,,,,,,,,,,
Boxers,Base.Boxers_White,,,,,,,,,,,,,,
Boxers - Black Silk,Base.Boxers_Silk_Black,,,,,,,,,,,,,,
Boxers - Hearts,Base.Boxers_Hearts,,,,,,,,,,,,,,
Boxers - Red Silk,Base.Boxers_Silk_Red,,,,,,,,,,,,,,
Boxers - Red Stripes,Base.Boxers_RedStripes,,,,,,,,,,,,,,
Boxing Gloves (blue),Base.Gloves_BoxingBlue,,,,,,,,,,,,,,
Boxing Gloves (red),Base.Gloves_BoxingRed,,,,,,,,,,,,,,
Boxing Head Gear (blue),Base.Hat_BoxingBlue,,,,,,,,,,,,,,
Boxing Head Gear (red),Base.Hat_BoxingRed,,,,,,,,,,,,,,
Boxing Shorts (blue),Base.Shorts_BoxingBlue,,,,,,,,,,,,,,
Boxing Shorts (red),Base.Shorts_BoxingRed,,,,,,,,,,,,,,
Bread,Base.BreadDough,,,,,,,,,,,,,,
Bread (crafted),Base.Bread,,,,,,,,,,,,,,
Bread (dough),Base.BreadDough,,,,,,,,,,,,,,
Bread Knife,Base.BreadKnife,,,,,,,,,,,,,,
Bread Slices,Base.BreadSlices,,,,,,,,,,,,,,
Breaking Points,Base.VHS_Retail,,,,,,,,,,,,,,
Brent's 21st,Base.VHS_Home,,,,,,,,,,,,,,
Brick Toys,Base.Bricktoys,,,,,,,,,,,,,,
Briefcase,Base.Briefcase,,,,,,,,,,,,,,
Briefs,Base.Briefs_AnimalPrints,,,,,,,,,,,,,,
Briefs (animal print),Base.Briefs_AnimalPrints,,,,,,,,,,,,,,
Broccoli,Base.Broccoli,,,,,,,,,,,,,,
Broccoli Seeds,farming.BroccoliSeed,,,,,,,,,,,,,,
Broccoli Seeds Packet,farming.BroccoliBagSeed,,,,,,,,,,,,,,
Broom,Base.Broom,,,,,,,,,,,,,,
Brown Paint,Base.PaintBrown,,,,,,,,,,,,,,
Brown Ranger T-shirt,Base.Tshirt_Profession_RangerBrown,,,,,,,,,,,,,,
Brown Sugar,Base.SugarBrown,,,,,,,,,,,,,,
Brushing Your Teeth with Zachary Bunny,Base.VHS_Home,,,,,,,,,,,,,,
Buck's Plum Outta Luck,Base.Disc_Retail,,,,,,,,,,,,,,
Bucket,Base.BucketWaterFull,Base.BucketWaterFull,,,,,,,,,,,,,
Bucket Hat,Base.Hat_BucketHat,,,,,,,,,,,,,,
Bucket of Concrete,Base.BucketConcreteFull,,,,,,,,,,,,,,
Bucket of Plaster,Base.BucketPlasterFull,,,,,,,,,,,,,,
Bullets Bandolier,Base.AmmoStrap_Bullets,,,,,,,,,,,,,,
Bunny Ears (black),Base.Hat_BunnyEarsBlack,,,,,,,,,,,,,,
Bunny Ears (white),Base.Hat_BunnyEarsWhite,,,,,,,,,,,,,,
Bunny Suit (black),Base.BunnySuitBlack,,,,,,,,,,,,,,
Bunny Suit (pink),Base.BunnySuitPink,,,,,,,,,,,,,,
Bunny Tail,Base.BunnyTail,,,,,,,,,,,,,,
Burger,Base.Burger,,,,,,,,,,,,,,
Burger (crafted),Base.BurgerRecipe,,,,,,,,,,,,,,
Burrito,Base.BurritoRecipe,,,,,,,,,,,,,,
Burrito (crafted),Base.BurritoRecipe,,,,,,,,,,,,,,
Butter,Base.Butter,,,,,,,,,,,,,,
Butter Knife,Base.ButterKnife,,,,,,,,,,,,,,
Button,Base.Button,,,,,,,,,,,,,,
CAPE CANAVERAL VACATION July 1990,Base.VHS_Home,,,,,,,,,,,,,,
CCCW,Base.VHS_Home,,,,,,,,,,,,,,
CD,Base.Disc_Retail,,,,,,,,,,,,,,
Cabbage,farming.Cabbage,,,,,,,,,,,,,,
Cabbage Seeds,farming.CabbageSeed,,,,,,,,,,,,,,
Cabbage Seeds Packet,farming.CabbageBagSeed,,,,,,,,,,,,,,
Cake (crafted),Base.CakeRaw,,,,,,,,,,,,,,
Cake Batter,Base.CakeBatter,,,,,,,,,,,,,,
Cake Preparation,Base.CakePrep,,,,,,,,,,,,,,
Cake Slice,Base.CakeSlice,,,,,,,,,,,,,,
Camera,Base.Camera,,,,,,,,,,,,,,
Camera Film,Base.CameraFilm,,,,,,,,,,,,,,
Camo Boonie Hat,Base.Hat_BonnieHat_CamoGreen,,,,,,,,,,,,,,
Camo Hunting Vest,Base.Vest_Hunting_Camo,,,,,,,,,,,,,,
Campfire Materials,camping.CampfireKit,,,,,,,,,,,,,,
Can Opener,Base.TinOpener,,,,,,,,,,,,,,
Can of Oats,Base.OatsRaw,,,,,,,,,,,,,,
Can of Tomatoes,Base.Disc_Retail,,,,,,,,,,,,,,
Candied Fruit Slices,Base.CandyFruitSlices,,,,,,,,,,,,,,
Candle,Base.Candle,Base.CandleLit,,,,,,,,,,,,,
Candy Cane,Base.Candycane,,,,,,,,,,,,,,
Candy Corn,Base.CandyCorn,,,,,,,,,,,,,,
Candy Package,Base.CandyPackage,,,,,,,,,,,,,,
Canned Beans,Base.TinnedBeans,Base.OpenBeans,,,,,,,,,,,,,
Canned Carrots,Base.CannedCarrots2,Base.CannedCarrotsOpen,,,,,,,,,,,,,
Canned Chili,Base.CannedChili,Base.CannedChiliOpen,,,,,,,,,,,,,
Canned Corn,Base.CannedCorn,Base.CannedCornOpen,,,,,,,,,,,,,
Canned Corned Beef,Base.CannedCornedBeef,Base.CannedCornedBeefOpen,,,,,,,,,,,,,
Canned Evaporated Milk,Base.CannedMilk,Base.CannedMilkOpen,,,,,,,,,,,,,
Canned Fruit Beverage,Base.CannedFruitBeverage,Base.CannedFruitBeverageOpen,,,,,,,,,,,,,
Canned Fruit Cocktail,Base.CannedFruitCocktail,Base.CannedFruitCocktailOpen,,,,,,,,,,,,,
Canned Mushroom Soup,Base.CannedMushroomSoup,Base.CannedMushroomSoupOpen,,,,,,,,,,,,,
Canned Peaches,Base.CannedPeaches,Base.CannedPeachesOpen,,,,,,,,,,,,,
Canned Peas,Base.CannedPeas,Base.CannedPeasOpen,,,,,,,,,,,,,
Canned Pineapple,Base.CannedPineapple,Base.CannedPineappleOpen,,,,,,,,,,,,,
Canned Potato,Base.CannedPotato2,Base.CannedPotatoOpen,,,,,,,,,,,,,
Canned Sardines,Base.CannedSardines,Base.CannedSardinesOpen,,,,,,,,,,,,,
Canned Spaghetti Bolognese,Base.CannedBolognese,Base.CannedBologneseOpen,,,,,,,,,,,,,
Canned Tomato,Base.CannedTomato2,Base.CannedTomatoOpen,,,,,,,,,,,,,
Canned Tuna,Base.TunaTin,Base.TunaTinOpen,,,,,,,,,,,,,
Canned Vegetable Soup,Base.TinnedSoup,Base.TinnedSoupOpen,,,,,,,,,,,,,
Canoe Paddle,Base.CanoePadel,,,,,,,,,,,,,,
Canoe Paddle - Double-bladed,Base.CanoePadelX2,,,,,,,,,,,,,,
Car Battery Charger,Base.CarBatteryCharger,,,,,,,,,,,,,,
Car Key,Base.CarKey,,,,,,,,,,,,,,
Caring For Your Employees,Base.VHS_Home,,,,,,,,,,,,,,
Carmina Burana,Base.Disc_Retail,,,,,,,,,,,,,,
Carpentry Vol. 1,Base.BookCarpentry1,,,,,,,,,,,,,,
Carpentry Vol. 2,Base.BookCarpentry2,,,,,,,,,,,,,,
Carpentry Vol. 3,Base.BookCarpentry3,,,,,,,,,,,,,,
Carpentry Vol. 4,Base.BookCarpentry4,,,,,,,,,,,,,,
Carpentry Vol. 5,Base.BookCarpentry5,,,,,,,,,,,,,,
Carrot Cake Slice,Base.CakeCarrot,,,,,,,,,,,,,,
Carrot Seeds,farming.CarrotSeed,,,,,,,,,,,,,,
Carrot Seeds Packet,farming.CarrotBagSeed,,,,,,,,,,,,,,
Carrots,Base.Carrots,,,,,,,,,,,,,,
Carving Fork,Base.CarvingFork,,,,,,,,,,,,,,
Carzone E1,Base.VHS_Retail,,,,,,,,,,,,,,
Carzone E2,Base.VHS_Retail,,,,,,,,,,,,,,
Carzone E3,Base.VHS_Retail,,,,,,,,,,,,,,
Cat Toy,Base.CatToy,,,,,,,,,,,,,,
Caterpillar (American lady),Base.AmericanLadyCaterpillar,,,,,,,,,,,,,,
Caterpillar (banded woolly bear),Base.BandedWoolyBearCaterpillar,,,,,,,,,,,,,,
Caterpillar (monarch),Base.MonarchCaterpillar,,,,,,,,,,,,,,
Caterpillar (sawfly larva),Base.SawflyLarva,,,,,,,,,,,,,,
Caterpillar (silk moth),Base.SilkMothCaterpillar,,,,,,,,,,,,,,
Caterpillar (swallowtail),Base.SwallowtailCaterpillar,,,,,,,,,,,,,,
Catfish,Base.Catfish,,,,,,,,,,,,,,
Centipede,Base.Centipede2,Base.Centipede2,,,,,,,,,,,,,
Cereal,Base.Cereal,,,,,,,,,,,,,,
Chainsaw,Base.Chainsaw,,,,,,,,,,,,,,
Chair Leg,Base.ChairLeg,,,,,,,,,,,,,,
Charcoal,Base.Charcoal,,,,,,,,,,,,,,
Checkerboard,Base.CheckerBoard,,,,,,,,,,,,,,
Cheese,Base.Cheese,,,,,,,,,,,,,,
Cheese Cake Slice,Base.CakeCheeseCake,,,,,,,,,,,,,,
Cheese Sandwich,Base.CheeseSandwich,,,,,,,,,,,,,,
Chef Hat,Base.Hat_ChefHat,,,,,,,,,,,,,,
Chef Jacket,Base.Jacket_Chef,,,,,,,,,,,,,,
Chef Pants,Base.Trousers_Chef,,,,,,,,,,,,,,
Cherry,Base.Cherry,,,,,,,,,,,,,,
Chicken,Base.Chicken,,,,,,,,,,,,,,
Chicken Foot,Base.ChickenFoot,,,,,,,,,,,,,,
Chicken Nuggets,Base.ChickenNuggets,,,,,,,,,,,,,,
Chipped Stone,Base.SharpedStone,,,,,,,,,,,,,,
Chips,Base.Crisps4,,,,,,,,,,,,,,
Chives,Base.Chives,,,,,,,,,,,,,,
Choco Cakes,Base.ChocoCakes,,,,,,,,,,,,,,
Chocolate,Base.Chocolate,,,,,,,,,,,,,,
Chocolate Bread,Base.Painauchocolat,,,,,,,,,,,,,,
Chocolate Cake Slice,Base.CakeChocolate,,,,,,,,,,,,,,
Chocolate Chip Cookie,Base.CookieChocolateChip,Base.CookieChocolateChipDough,,,,,,,,,,,,,
Chocolate Chips,Base.ChocolateChips,,,,,,,,,,,,,,
Chocolate Cookie,Base.CookiesChocolate,Base.CookiesChocolateDough,,,,,,,,,,,,,
Chocolate Doughnut,Base.DoughnutChocolate,,,,,,,,,,,,,,
Chocolate-Covered Coffee Beans,Base.ChocolateCoveredCoffeeBeans,,,,,,,,,,,,,,
Choke Tube - Full,Base.ChokeTubeFull,,,,,,,,,,,,,,
Choke Tube - Improved,Base.ChokeTubeImproved,,,,,,,,,,,,,,
Choker with Amber Stone,Base.Necklace_Choker_Amber,,,,,,,,,,,,,,
Choker with Diamond,Base.Necklace_Choker_Diamond,,,,,,,,,,,,,,
Choker with Sapphire Stone,Base.Necklace_Choker_Sapphire,,,,,,,,,,,,,,
Chopsticks,Base.Chopsticks,,,,,,,,,,,,,,
Christmas Eve Visit!,Base.VHS_Home,,,,,,,,,,,,,,
Cigarettes,Base.Cigarettes,,,,,,,,,,,,,,
Cilantro,Base.Cilantro,,,,,,,,,,,,,,
Cinnamon Roll,Base.CinnamonRoll,,,,,,,,,,,,,,
Cities of the World - Lagos,Base.VHS_Home,,,,,,,,,,,,,,
Cities of the World - Paris,Base.VHS_Home,,,,,,,,,,,,,,
Cities of the World - Seoul,Base.VHS_Home,,,,,,,,,,,,,,
Civilian Bulletproof Vest,Base.Vest_BulletCivilian,,,,,,,,,,,,,,
Classic Wrist Watch with Black Strap,WristWatch_Right_ClassicBlack,WristWatch_Left_ClassicBlack,,,,,,,,,,,,,
Classic Wrist Watch with Brown Strap,WristWatch_Right_ClassicBrown,WristWatch_Left_ClassicBrown,,,,,,,,,,,,,
Cleaning Liquid,Base.CleaningLiquid2,Base.CleaningLiquid2,,,,,,,,,,,,,
Clip-on Bow Tie,Base.BowTieWorn,,,,,,,,,,,,,,
Club Hammer,Base.ClubHammer,,,,,,,,,,,,,,
Cockroach,Base.Cockroach,,,,,,,,,,,,,,
Cocoa Powder,Base.CocoaPowder,,,,,,,,,,,,,,
Coffee,Base.Coffee2,,,,,,,,,,,,,,
Cold Pack,Base.Coldpack,,,,,,,,,,,,,,
Collected Yeats - Audio Book,Base.Disc_Retail,,,,,,,,,,,,,,
Cologne,Base.Cologne,,,,,,,,,,,,,,
Colored Party Hat,Base.Hat_PartyHat_TINT,,,,,,,,,,,,,,
Comb,Base.Comb,,,,,,,,,,,,,,
Combat Wound Management,Base.VHS_Home,,,,,,,,,,,,,,
Combination Padlock,Base.CombinationPadlock,,,,,,,,,,,,,,
Comfrey,Base.Comfrey,Base.ComfreyCataplasm,,,,,,,,,,,,,
Comic Book,Base.ComicBook,,,,,,,,,,,,,,
Common Mallow,Base.CommonMallow,,,,,,,,,,,,,,
Compost Bag,Base.CompostBag,,,,,,,,,,,,,,
Cone,Base.Cone,,,,,,,,,,,,,,
Conspiracy crap???,Base.VHS_Home,,,,,,,,,,,,,,
Constant Worship,Base.Disc_Retail,,,,,,,,,,,,,,
Constant Worship - Vol 2,Base.Disc_Retail,,,,,,,,,,,,,,
Cooking Pot,Base.Pot,Base.WaterPot,,,,,,,,,,,,,
Cooking Vol. 1,Base.BookCooking1,,,,,,,,,,,,,,
Cooking Vol. 2,Base.BookCooking2,,,,,,,,,,,,,,
Cooking Vol. 3,Base.BookCooking3,,,,,,,,,,,,,,
Cooking Vol. 4,Base.BookCooking4,,,,,,,,,,,,,,
Cooking Vol. 5,Base.BookCooking5,,,,,,,,,,,,,,
Cooler,Base.Cooler,,,,,,,,,,,,,,
Cordless Phone,Base.CordlessPhone,,,,,,,,,,,,,,
Cork,Base.Cork,,,,,,,,,,,,,,
Corkscrew,Base.Corkscrew,,,,,,,,,,,,,,
Corn,Base.Corn,,,,,,,,,,,,,,
Corn Flour,Base.Cornflour,,,,,,,,,,,,,,
Cornbread,Base.Cornbread,,,,,,,,,,,,,,
Corndog,Base.Corndog,,,,,,,,,,,,,,
Cornmeal,Base.Cornmeal,,,,,,,,,,,,,,
Corpse (female),Base.CorpseFemale,,,,,,,,,,,,,,
Corpse (male),Base.CorpseMale,,,,,,,,,,,,,,
Corset,Base.Corset,,,,,,,,,,,,,,
Cosa Nostra,Base.VHS_Retail,,,,,,,,,,,,,,
Cotton Balls,Base.CottonBalls,Base.AlcoholedCottonBalls,,,,,,,,,,,,,
Coveralls,Base.Boilersuit,,,,,,,,,,,,,,
Coveralls (blue and red),Base.Boilersuit_BlueRed,,,,,,,,,,,,,,
Coveralls (yellow),Base.Boilersuit_Yellow,,,,,,,,,,,,,,
Cowboy Hat,Base.Hat_Cowboy,,,,,,,,,,,,,,
Crackers,Base.Crackers,,,,,,,,,,,,,,
Crafted Spear,Base.SpearCrafted,,,,,,,,,,,,,,
Crafted Timer,Base.TimerCrafted,,,,,,,,,,,,,,
Crafted Trigger,Base.TriggerCrafted,,,,,,,,,,,,,,
Crappie,Base.Crappie,,,,,,,,,,,,,,
Crash Helmet,Base.Hat_CrashHelmet,,,,,,,,,,,,,,
Crayfish,Base.Crayfish,,,,,,,,,,,,,,
Crayons,Base.Crayons,,,,,,,,,,,,,,
Credit Card,Base.CreditCard,,,,,,,,,,,,,,
Cricket,Base.Cricket,,,,,,,,,,,,,,
Cries of the Damned,Base.Disc_Retail,,,,,,,,,,,,,,
Croissant,Base.Croissant,,,,,,,,,,,,,,
Crop Top,Base.Shirt_CropTopNoArmTINT,,,,,,,,,,,,,,
Crop Top Arms,Base.Shirt_CropTopTINT,,,,,,,,,,,,,,
Crossword Magazine,Base.MagazineCrossword3,Base.MagazineCrossword2,Base.MagazineCrossword3,,,,,,,,,,,,
Crowbar,Base.Crowbar,,,,,,,,,,,,,,
Cube,Base.Cube,,,,,,,,,,,,,,
Cupcake,Base.Cupcake,,,,,,,,,,,,,,
Cyan Light Bulb,Base.LightBulbCyan,,,,,,,,,,,,,,
Cyan Paint,Base.PaintCyan,,,,,,,,,,,,,,
CyberKiller 2,Base.VHS_Retail,,,,,,,,,,,,,,
D&M's Wedding,Base.VHS_Home,,,,,,,,,,,,,,
D-E Magazine,Base.44Clip,,,,,,,,,,,,,,
D-E Pistol,Base.Pistol3,,,,,,,,,,,,,,
DAD'S TAPE DO NOT TOUCH,Base.VHS_Home,,,,,,,,,,,,,,
Dad's boring golf crap,Base.VHS_Home,,,,,,,,,,,,,,
Dad's shows,Base.VHS_Home,,,,,,,,,,,,,,
Daikon,Base.Daikon,,,,,,,,,,,,,,
Dandelions,Base.Dandelions,,,,,,,,,,,,,,
Dangerous Strangers with Jemima Bunny,Base.VHS_Home,,,,,,,,,,,,,,
Dangly Diamond Earrings,Base.Earring_Dangly_Diamond,,,,,,,,,,,,,,
Dangly Emerald Earrings,Base.Earring_Dangly_Emerald,,,,,,,,,,,,,,
Dangly Pearl Earrings,Base.Earring_Dangly_Pearl,,,,,,,,,,,,,,
Dangly Ruby Earrings,Base.Earring_Dangly_Ruby,,,,,,,,,,,,,,
Dangly Sapphire Earrings,Base.Earring_Dangly_Sapphire,,,,,,,,,,,,,,
Dark Agent,Base.VHS_Retail,,,,,,,,,,,,,,
Dark Red Fireman T-shirt,Base.Tshirt_Profession_FiremanRed02,,,,,,,,,,,,,,
Dart,Base.Dart,,,,,,,,,,,,,,
Dating Agency (Female),Base.VHS_Home,,,,,,,,,,,,,,
Dating Agency (Male),Base.VHS_Home,,,,,,,,,,,,,,
Dead Bird,Base.DeadBird,,,,,,,,,,,,,,
Dead Mouse,Base.DeadMouse,,,,,,,,,,,,,,
Dead Rabbit,Base.DeadRabbit,,,,,,,,,,,,,,
Dead Rat,Base.DeadRat,,,,,,,,,,,,,,
Dead Squirrel,Base.DeadSquirrel,,,,,,,,,,,,,,
Dead Wrong,Base.VHS_Retail,,,,,,,,,,,,,,
Dead Wrong S2.01,Base.VHS_Retail,,,,,,,,,,,,,,
Dead Wrong S2.02,Base.VHS_Retail,,,,,,,,,,,,,,
Dead Wrong S2.03,Base.VHS_Retail,,,,,,,,,,,,,,
Dead Wrong S2.04,Base.VHS_Retail,,,,,,,,,,,,,,
Dead Wrong S2.05,Base.VHS_Retail,,,,,,,,,,,,,,
Dehydrated Meat Stick,Base.DehydratedMeatStick,,,,,,,,,,,,,,
Denim Jeans,Base.TrousersMesh_DenimLight,,,,,,,,,,,,,,
Denim Shirt,Base.Shirt_Denim,,,,,,,,,,,,,,
Denim Shorts,Base.Shorts_ShortDenim,,,,,,,,,,,,,,
Denim Strips,Base.DenimStrips,Base.DenimStripsDirty,,,,,,,,,,,,,
Dental Care,Base.VHS_Home,,,,,,,,,,,,,,
Diamond-pattern Sweater,Base.Jumper_DiamondPatternTINT,,,,,,,,,,,,,,
Diamond-pattern Sweater Vest,Base.Jumper_TankTopDiamondTINT,,,,,,,,,,,,,,
Dice,Base.Dice,,,,,,,,,,,,,,
Digital Watch,,,,,,,,,,,,,,,
Dime Diamonds,Base.VHS_Retail,,,,,,,,,,,,,,
Dirt Bag,Base.Dirtbag,,,,,,,,,,,,,,
Dish Towel,Base.DishCloth,Base.DishClothWet,,,,,,,,,,,,,
Disposable Camera,Base.CameraDisposable,,,,,,,,,,,,,,
Doctor Bag,Base.Bag_DoctorBag,,,,,,,,,,,,,,
Dog Chew Toy,Base.DogChew,,,,,,,,,,,,,,
Dog Food,Base.Dogfood,Base.DogfoodOpen,,,,,,,,,,,,,
Dog Goblin II,Base.VHS_Retail,,,,,,,,,,,,,,
Dog Goblin III,Base.VHS_Retail,,,,,,,,,,,,,,
Dog Goblin IV,Base.VHS_Retail,,,,,,,,,,,,,,
Dog Tags,Base.Necklace_DogTag,,,,,,,,,,,,,,
Doll,Base.Doll,,,,,,,,,,,,,,
Doodle,Base.Doodle,,,,,,,,,,,,,,
Door Hinge,Base.Hinge,,,,,,,,,,,,,,
Doorknob,Base.Doorknob,,,,,,,,,,,,,,
Double Barrel Shotgun,Base.DoubleBarrelShotgun,,,,,,,,,,,,,,
Double Holster,Base.HolsterDouble,,,,,,,,,,,,,,
Dough,Base.Dough,,,,,,,,,,,,,,
Doughnut,Base.DoughnutPlain,,,,,,,,,,,,,,
Down the Road,Base.Disc_Retail,,,,,,,,,,,,,,
Drawer,Base.Drawer,,,,,,,,,,,,,,
Dress,Base.Dress_Normal,,,,,,,,,,,,,,
Dried Black Beans,Base.DriedBlackBeans,,,,,,,,,,,,,,
Dried Chick Peas,Base.DriedChickpeas,,,,,,,,,,,,,,
Dried Kidney Beans,Base.DriedKidneyBeans,,,,,,,,,,,,,,
Dried Lentils,Base.DriedLentils,,,,,,,,,,,,,,
Dried Split Peas,Base.DriedSplitPeas,,,,,,,,,,,,,,
Dried White Beans,Base.DriedWhiteBeans,,,,,,,,,,,,,,
Drumstick,Base.Drumstick,,,,,,,,,,,,,,
Dry Ramen Noodles,Base.Ramen,,,,,,,,,,,,,,
Duct Tape,Base.DuctTape,,,,,,,,,,,,,,
Duffel Bag,Base.Bag_ToolBag,,,,,,,,,,,,,,
Dumbbell,Base.DumbBell,,,,,,,,,,,,,,
Dust Mask,Base.Hat_DustMask,,,,,,,,,,,,,,
Dying Strike,Base.VHS_Retail,,,,,,,,,,,,,,
Dying Strike Official Soundtrack,Base.Disc_Retail,,,,,,,,,,,,,,
ELIJAH 1ST BDAY,Base.VHS_Home,,,,,,,,,,,,,,
Eagle Down,Base.VHS_Retail,,,,,,,,,,,,,,
Ear Muffs,Base.Hat_EarMuffs,,,,,,,,,,,,,,
Ear Protectors,Base.Hat_EarMuff_Protectors,,,,,,,,,,,,,,
Earbuds,Base.Earbuds,,,,,,,,,,,,,,
Earrings,''See [[#Variants|Variants]]'',,,,,,,,,,,,,,
Edamame,Base.Edamame,,,,,,,,,,,,,,
Egg,Base.Egg,,,,,,,,,,,,,,
Egg Carton,Base.EggCarton,,,,,,,,,,,,,,
Egg Sushi,Base.SushiEgg,,,,,,,,,,,,,,
Eggplant,Base.Eggplant,,,,,,,,,,,,,,
Electric Bass,Base.GuitarElectricBassBlack,Base.GuitarElectricBassBlue,Base.GuitarElectricBassRed,,,,,,,,,,,,
Electric Guitar,Base.GuitarElectricBlack,Base.GuitarElectricBlue,Base.GuitarElectricRed,,,,,,,,,,,,
Electric Wire,Radio.ElectricWire,,,,,,,,,,,,,,
Electrician Vol. 1,Base.BookElectrician1,,,,,,,,,,,,,,
Electrician Vol. 2,Base.BookElectrician2,,,,,,,,,,,,,,
Electrician Vol. 3,Base.BookElectrician3,,,,,,,,,,,,,,
Electrician Vol. 4,Base.BookElectrician4,,,,,,,,,,,,,,
Electrician Vol. 5,Base.BookElectrician5,,,,,,,,,,,,,,
Electronics Magazine Vol. 1,Base.ElectronicsMag1,,,,,,,,,,,,,,
Electronics Magazine Vol. 2,Base.ElectronicsMag2,,,,,,,,,,,,,,
Electronics Magazine Vol. 3,Base.ElectronicsMag3,,,,,,,,,,,,,,
Electronics Magazine Vol. 4,Base.ElectronicsMag5,,,,,,,,,,,,,,
Emerald Earrings,Base.Earring_Stone_Emerald,,,,,,,,,,,,,,
Empty Beer Can,Base.BeerCanEmpty,,,,,,,,,,,,,,
Empty Bottle (Red Wine),Base.WineEmpty2,,,,,,,,,,,,,,
Empty Jar,Base.EmptyJar,,,,,,,,,,,,,,
Empty Notebook,Base.Notebook,,,,,,,,,,,,,,
Empty Pop Can,Base.Pop3Empty,Base.Pop2Empty,Base.Pop3Empty,,,,,,,,,,,,
Empty Tin Can,Base.TinCanEmpty,,,,,,,,,,,,,,
Engineer Magazine Vol. 1,Base.EngineerMagazine1,,,,,,,,,,,,,,
Engineer Magazine Vol. 2,Base.EngineerMagazine2,,,,,,,,,,,,,,
English Cup (4.12.91),Base.VHS_Home,,,,,,,,,,,,,,
Eraser,Base.Eraser,,,,,,,,,,,,,,
Eurodance '92,Base.Disc_Retail,,,,,,,,,,,,,,
Every Reason Tape!!,Base.VHS_Home,,,,,,,,,,,,,,
Exposure Survival E1,Base.VHS_Retail,,,,,,,,,,,,,,
Exposure Survival E2,Base.VHS_Retail,,,,,,,,,,,,,,
Exposure Survival E3,Base.VHS_Retail,,,,,,,,,,,,,,
Exposure Survival E4,Base.VHS_Retail,,,,,,,,,,,,,,
Exposure Survival E5,Base.VHS_Retail,,,,,,,,,,,,,,
Exposure Survival E6,Base.VHS_Retail,,,,,,,,,,,,,,
Exposure Survival E7,Base.VHS_Retail,,,,,,,,,,,,,,
Exposure Survival E8,Base.VHS_Retail,,,,,,,,,,,,,,
Extinguisher,Base.Extinguisher,,,,,,,,,,,,,,
Eyepatch,Base.Glasses_Eyepatch_Right,Base.Glasses_Eyepatch_Right,,,,,,,,,,,,,
Eyes Makeup,Base.MakeupEyeshadow,,,,,,,,,,,,,,
FLORIDA VACATION June 1991,Base.VHS_Home,,,,,,,,,,,,,,
Fairweather-Mahoney 2/11/93,Base.VHS_Home,,,,,,,,,,,,,,
Fancy Plate,Base.PlateFancy,,,,,,,,,,,,,,
Fancy Shoes,Base.Shoes_Fancy,,,,,,,,,,,,,,
Fanny Pack,Base.Bag_FannyPackFront,Base.Bag_FannyPackBack,,,,,,,,,,,,,
Farming Vol. 1,Base.BookFarming1,,,,,,,,,,,,,,
Farming Vol. 2,Base.BookFarming2,,,,,,,,,,,,,,
Farming Vol. 3,Base.BookFarming3,,,,,,,,,,,,,,
Farming Vol. 4,Base.BookFarming4,,,,,,,,,,,,,,
Farming Vol. 5,Base.BookFarming5,,,,,,,,,,,,,,
Fast Food Server Hat,Base.Hat_FastFood,,,,,,,,,,,,,,
Fedora,Base.Hat_Fedora,,,,,,,,,,,,,,
Fiberglass Stock,Base.FiberglassStock,,,,,,,,,,,,,,
Final Regards,Base.VHS_Home,,,,,,,,,,,,,,
Fingerless Gloves,Base.Gloves_FingerlessGloves,,,,,,,,,,,,,,
Fire Bomb,Base.FlameTrap,Base.FlameTrapTriggered,Base.FlameTrapSensorV1,Base.FlameTrapSensorV2,Base.FlameTrapSensorV3,Base.FlameTrapRemote,,,,,,,,,
Firefighter Helmet,Base.Hat_Fireman,,,,,,,,,,,,,,
Firefighter Jacket,Base.Jacket_Fireman,,,,,,,,,,,,,,
Firefighter Pants,Base.Trousers_Fireman,,,,,,,,,,,,,,
First Aid Kit,Base.FirstAidKit,,,,,,,,,,,,,,
First Aid Vol. 1,Base.BookFirstAid1,,,,,,,,,,,,,,
First Aid Vol. 2,Base.BookFirstAid2,,,,,,,,,,,,,,
First Aid Vol. 3,Base.BookFirstAid3,,,,,,,,,,,,,,
First Aid Vol. 4,Base.BookFirstAid4,,,,,,,,,,,,,,
First Aid Vol. 5,Base.BookFirstAid5,,,,,,,,,,,,,,
Fish Fillet,Base.FishFillet,,,,,,,,,,,,,,
Fish Roe,Base.FishRoe,,,,,,,,,,,,,,
Fish Sushi,Base.SushiFish,,,,,,,,,,,,,,
Fishing Line,Base.FishingLine,,,,,,,,,,,,,,
Fishing Rod,Base.FishingRod,Base.FishingRodTwineLine,Base.FishingRodBreak,,,,,,,,,,,,
Fishing Rod (crafted),Base.CraftedFishingRod,Base.CraftedFishingRodTwineLine,,,,,,,,,,,,,
Fishing Tackle (blue),Base.FishingTackle,,,,,,,,,,,,,,
Fishing Tackle (orange),Base.FishingTackle2,,,,,,,,,,,,,,
Fishing Vol. 1,Base.BookFishing1,,,,,,,,,,,,,,
Fishing Vol. 2,Base.BookFishing2,,,,,,,,,,,,,,
Fishing Vol. 3,Base.BookFishing3,,,,,,,,,,,,,,
Fishing Vol. 4,Base.BookFishing4,,,,,,,,,,,,,,
Fishing Vol. 5,Base.BookFishing5,,,,,,,,,,,,,,
Fishnets,Base.TightsFishnets,,,,,,,,,,,,,,
Flashlight,Base.Torch,,,,,,,,,,,,,,
Flight Case,Base.Flightcase,,,,,,,,,,,,,,
Flight Training 6,Base.VHS_Home,,,,,,,,,,,,,,
Flint,Base.CaseyPic,,,,,,,,,,,,,,
Flint and Steel,Base.CaseyPic,,,,,,,,,,,,,,
Flip Flops,Base.Shoes_FlipFlop,,,,,,,,,,,,,,
Flour,Base.Flour,,,,,,,,,,,,,,
Fluffyfoot The Bunny,Base.FluffyfootBunny,,,,,,,,,,,,,,
Flute,Base.Flute,,,,,,,,,,,,,,
Football,Base.Football2,,,,,,,,,,,,,,
Football (throwable),Base.Football2,,,,,,,,,,,,,,
Football Helmet,Base.Hat_FootballHelmet,,,,,,,,,,,,,,
For Scott,Base.VHS_Home,,,,,,,,,,,,,,
Foraging Vol. 1,Base.BookForaging1,,,,,,,,,,,,,,
Foraging Vol. 2,Base.BookForaging2,,,,,,,,,,,,,,
Foraging Vol. 3,Base.BookForaging3,,,,,,,,,,,,,,
Foraging Vol. 4,Base.BookForaging4,,,,,,,,,,,,,,
Foraging Vol. 5,Base.BookForaging5,,,,,,,,,,,,,,
Foreman Vest,Base.Vest_Foreman,,,,,,,,,,,,,,
Fork,Base.Fork,,,,,,,,,,,,,,
Formal Shirt,Base.Shirt_FormalWhite,Base.Shirt_FormalTINT,,,,,,,,,,,,,
Fort Knox Documentary,Base.VHS_Home,,,,,,,,,,,,,,
Foundation Makeup,Base.MakeupFoundation,,,,,,,,,,,,,,
Fountain Cup,Base.FountainCup,,,,,,,,,,,,,,
Four-logs Stack,Base.LogStacks4,,,,,,,,,,,,,,
Foxes doc,Base.VHS_Home,,,,,,,,,,,,,,
Frame,Base.Frame,,,,,,,,,,,,,,
Fred and Ali's Radical Journey,Base.VHS_Retail,,,,,,,,,,,,,,
Freddy The Fox,Base.FreddyFox,,,,,,,,,,,,,,
Freddy's Big Balloon,Base.Disc_Retail,,,,,,,,,,,,,,
Fried Chicken,Base.ChickenFried,,,,,,,,,,,,,,
Fried Fish,Base.FishFried,,,,,,,,,,,,,,
Fried Onion Rings,Base.FriedOnionRingsCraft,,,,,,,,,,,,,,
Fried Onion Rings (crafted),Base.FriedOnionRingsCraft,,,,,,,,,,,,,,
Fried Oysters,Base.OystersFried,,,,,,,,,,,,,,
Fried Shrimp,Base.ShrimpFriedCraft,,,,,,,,,,,,,,
Fried Shrimp (crafted),Base.ShrimpFriedCraft,,,,,,,,,,,,,,
Fried Tofu,Base.TofuFried,,,,,,,,,,,,,,
Friendship Bracelet,Base.Bracelet_LeftFriendshipTINT,Base.Bracelet_LeftFriendshipTINT,,,,,,,,,,,,,
Fries,Base.Fries,,,,,,,,,,,,,,
Fright Night,Base.Disc_Retail,,,,,,,,,,,,,,
Frog,Base.Frog,,,,,,,,,,,,,,
Frog Meat,Base.FrogMeat,,,,,,,,,,,,,,
Frosted Doughnut,Base.DoughnutFrosted,,,,,,,,,,,,,,
Fruit Jam,Base.JamFruit,,,,,,,,,,,,,,
Fruit Muffin,Base.MuffinFruit,,,,,,,,,,,,,,
Fruit Salad,Base.FruitSalad,,,,,,,,,,,,,,
Frying Pan,Base.Pan,,,,,,,,,,,,,,
Furbert The Squirrel,Base.FurbertSquirrel,,,,,,,,,,,,,,
Furry Ears,Base.Hat_FurryEars,,,,,,,,,,,,,,
Gabby first steps,Base.VHS_Home,,,,,,,,,,,,,,
Garbage Bag,Base.Garbagebag,,,,,,,,,,,,,,
Garden Fork,Base.GardenFork,,,,,,,,,,,,,,
Garden Hoe,Base.GardenHoe,,,,,,,,,,,,,,
Garden Saw,Base.GardenSaw,,,,,,,,,,,,,,
Gardening Spray Can,farming.GardeningSprayEmpty,farming.GardeningSprayFull,,,,,,,,,,,,,
Garter,Base.Garter,,,,,,,,,,,,,,
Gas Can,Base.PetrolCan,Base.EmptyPetrolCan,,,,,,,,,,,,,
Gas Mask,Base.Hat_GasMask,,,,,,,,,,,,,,
Gators doc,Base.VHS_Home,,,,,,,,,,,,,,
Generator,Base.Generator,,,,,,,,,,,,,,
Generator - Old,,,,,,,,,,,,,,,
Get Funky!,Base.Disc_Retail,,,,,,,,,,,,,,
Get Your Feet Wet,Base.Disc_Retail,,,,,,,,,,,,,,
Ghillie Suit Pants,Base.Ghillie_Trousers,,,,,,,,,,,,,,
Ghillie Suit Torso,Base.Ghillie_Top,,,,,,,,,,,,,,
Ghoul Stoppers,Base.VHS_Retail,,,,,,,,,,,,,,
GigaMart Waistcoat,Base.Vest_Waistcoat_GigaMart,,,,,,,,,,,,,,
Ginger Pickled,Base.GingerPickled,,,,,,,,,,,,,,
Ginger Root,Base.GingerRoot,,,,,,,,,,,,,,
Ginseng,Base.Ginseng,,,,,,,,,,,,,,
Glasses,Base.Glasses_Normal,,,,,,,,,,,,,,
Global Warrior,Base.VHS_Retail,,,,,,,,,,,,,,
Gloves,Base.Gloves_WhiteTINT,,,,,,,,,,,,,,
Glue,Base.Glue,,,,,,,,,,,,,,
Gold Bangle,Base.Bracelet_BangleLeftGold,Bracelet_BangleLeftGold,,,,,,,,,,,,,
Gold Chain Bracelet,Base.Bracelet_ChainLeftGold,Base.Bracelet_ChainLeftGold,,,,,,,,,,,,,
Gold Necklace,Base.Necklace_Gold,,,,,,,,,,,,,,
Gold Necklace with Diamond,Base.Necklace_GoldDiamond,,,,,,,,,,,,,,
Gold Necklace with Ruby Stone,Base.Necklace_GoldRuby,,,,,,,,,,,,,,
Gold Nose Ring,Base.NoseRing_Gold,,,,,,,,,,,,,,
Gold Nose Stud,Base.NoseStud_Gold,,,,,,,,,,,,,,
Gold Stud Earrings,Base.Earring_Stud_Gold,,,,,,,,,,,,,,
Gold Wrist Watch,WristWatch_Right_ClassicGold,WristWatch_Left_ClassicGold,,,,,,,,,,,,,
GoldStar Boppers,Base.Hat_GoldStar,,,,,,,,,,,,,,
Golf 14,Base.VHS_Home,,,,,,,,,,,,,,
Golf Bag,Base.Bag_GolfBag,,,,,,,,,,,,,,
Golf Ball,Base.GolfBall,,,,,,,,,,,,,,
Golf Cap,Base.Hat_GolfHatTINT,Base.Hat_GolfHatTINT,,,,,,,,,,,,,
Golf Club,Base.Golfclub,,,,,,,,,,,,,,
Good Cooking Magazine Vol. 1,Base.CookingMag1,,,,,,,,,,,,,,
Good Cooking Magazine Vol. 2,Base.CookingMag2,,,,,,,,,,,,,,
Got Me Thinkin',Base.Disc_Retail,,,,,,,,,,,,,,
Grady v King,Base.VHS_Home,,,,,,,,,,,,,,
Graham Crackers,Base.GrahamCrackers,,,,,,,,,,,,,,
Grampa Message,Base.VHS_Home,,,,,,,,,,,,,,
Grandma's 80th,Base.VHS_Home,,,,,,,,,,,,,,
Granny Nani,Base.VHS_Home,,,,,,,,,,,,,,
Granola Bar,Base.GranolaBar,,,,,,,,,,,,,,
Grape Leaves,Base.GrapeLeaves,,,,,,,,,,,,,,
Grapefruit,Base.Grapefruit,,,,,,,,,,,,,,
Grapes,Base.Grapes,,,,,,,,,,,,,,
Grasshopper,Base.Grasshopper,,,,,,,,,,,,,,
Gravel Bag,Base.Gravelbag,,,,,,,,,,,,,,
Gravy,Base.Gravy,,,,,,,,,,,,,,
Gravy Mix,Base.GravyMix,,,,,,,,,,,,,,
Gray Hunting Vest,Base.Vest_Hunting_Grey,,,,,,,,,,,,,,
Gray Paint,Base.PaintGrey,,,,,,,,,,,,,,
Green Camo Hunting Vest,Base.Vest_Hunting_CamoGreen,,,,,,,,,,,,,,
Green Hair Dye,Base.HairDyeGreen,,,,,,,,,,,,,,
Green Light Bulb,Base.LightBulbGreen,,,,,,,,,,,,,,
Green Paint,Base.PaintGreen,,,,,,,,,,,,,,
Green Ranger T-shirt,Base.Tshirt_Profession_RangerGreen,,,,,,,,,,,,,,
Green Santa Hat,Base.Hat_SantaHatGreen,,,,,,,,,,,,,,
Green Santa Suit Jacket,Base.JacketLong_SantaGreen,,,,,,,,,,,,,,
Green Santa Suit Pants,Base.Trousers_SantaGReen,,,,,,,,,,,,,,
Green Veteran T-shirt,Base.Tshirt_Profession_VeterenGreen,,,,,,,,,,,,,,
Griddle Pan,Base.GridlePan,,,,,,,,,,,,,,
Grill Brush,Base.GrillBrush,,,,,,,,,,,,,,
Grilled Cheese Sandwich,Base.GrilledCheese,,,,,,,,,,,,,,
Ground Beef,Base.MincedMeat,,,,,,,,,,,,,,
Guacamole,Base.Guacamole,,,,,,,,,,,,,,
Guerilla Radio Vol. 1,Radio.RadioMag1,,,,,,,,,,,,,,
Guerilla Radio Vol. 2,Radio.RadioMag2,,,,,,,,,,,,,,
Guerilla Radio Vol. 3,Radio.RadioMag3,,,,,,,,,,,,,,
Guitar Case,Base.Guitarcase,,,,,,,,,,,,,,
Gum,Base.Gum,,,,,,,,,,,,,,
Gummy Bears,Base.GummyBears,,,,,,,,,,,,,,
Gummy Worms,Base.GummyWorms,,,,,,,,,,,,,,
Gun Case,Base.RevolverCase3,,,,,,,,,,,,,,
Gun Case (large),''See [[#Variants|Variants]]'',,,,,,,,,,,,,,
Gun Light,Base.GunLight,,,,,,,,,,,,,,
Gunpowder,Base.GunPowder,,,,,,,,,,,,,,
HOLLYWOOD INSIDER SPECIAL,Base.VHS_Home,,,,,,,,,,,,,,
Habanero,Base.PepperHabanero,,,,,,,,,,,,,,
Hair Dye,''See [[#Variants|Variants]]'',,,,,,,,,,,,,,
Hair Dyeing at Home,Base.VHS_Home,,,,,,,,,,,,,,
Hair Gel,Base.Hairgel,,,,,,,,,,,,,,
Hairspray,Base.Hairspray,,,,,,,,,,,,,,
Ham,Base.Ham,,,,,,,,,,,,,,
Ham Radio,,,,,,,,,,,,,,,
Ham Slice,Base.HamSlice,,,,,,,,,,,,,,
Hammer,Base.Hammer,,,,,,,,,,,,,,
Hand Axe,Base.HandAxe,,,,,,,,,,,,,,
Hand Fork,Base.HandFork,,,,,,,,,,,,,,
Hand Scythe,Base.HandScythe,,,,,,,,,,,,,,
Hand Torch,Base.HandTorch,,,,,,,,,,,,,,
Handbag,Base.Handbag,,,,,,,,,,,,,,
Handle,Base.Handle,,,,,,,,,,,,,,
Hao First Words!,Base.VHS_Home,,,,,,,,,,,,,,
Hard Candies,Base.HardCandies,,,,,,,,,,,,,,
Hard Hat,Base.Hat_HardHat,,,,,,,,,,,,,,
Hat Arrow,Base.Hat_JokeArrow,,,,,,,,,,,,,,
Hat Knife,Base.Hat_JokeKnife,,,,,,,,,,,,,,
Hawaiian Red Shirt,Base.Shirt_HawaiianRed,,,,,,,,,,,,,,
Hawaiian Shirt,Base.Shirt_HawaiianTINT,,,,,,,,,,,,,,
Hazmat Suit,Base.HazmatSuit,,,,,,,,,,,,,,
Heading for the Heat,Base.Disc_Retail,,,,,,,,,,,,,,
Headphones,Base.Headphones,,,,,,,,,,,,,,
Hell Has Opened,Base.Disc_Retail,,,,,,,,,,,,,,
Hi His,Base.HiHis,,,,,,,,,,,,,,
Hidden,Base.Disc_Retail,,,,,,,,,,,,,,
High Visibility Vest,Base.Vest_HighViz,,,,,,,,,,,,,,
High-end Camera,Base.CameraExpensive,,,,,,,,,,,,,,
Hiking Bag,Base.Bag_NormalHikingBag,,,,,,,,,,,,,,
Hockey Helmet,Base.Hat_HockeyHelmet,,,,,,,,,,,,,,
Hockey Mask,Base.Hat_HockeyMask,,,,,,,,,,,,,,
Hockey Stick,Base.HockeyStick,,,,,,,,,,,,,,
Hole Puncher,Base.HolePuncher,,,,,,,,,,,,,,
Holly Berry,Base.HollyBerry,,,,,,,,,,,,,,
Holster,Base.HolsterSimple,,,,,,,,,,,,,,
Home Alarm,Base.HomeAlarm,,,,,,,,,,,,,,
Home Invaders 2,Base.VHS_Retail,,,,,,,,,,,,,,
Honey,Base.Honey,,,,,,,,,,,,,,
Hoodie,Base.HoodieUP_WhiteTINT,Base.HoodieUP_WhiteTINT,,,,,,,,,,,,,
Horse race,Base.VHS_Home,,,,,,,,,,,,,,
Hospital Gown,Base.HospitalGown,,,,,,,,,,,,,,
Hot Cuppa,Base.Mugfull,Base.ColdCuppa,,,,,,,,,,,,,
Hot Dog,Base.Hotdog,,,,,,,,,,,,,,
Hot Sauce,Base.Hotsauce,,,,,,,,,,,,,,
Hot Teacup,Base.HotDrinkTea,,,,,,,,,,,,,,
HottieZ,Base.HottieZ,,,,,,,,,,,,,,
How to Use Generators,Base.ElectronicsMag4,,,,,,,,,,,,,,
Hunting Knife,Base.HuntingKnife,,,,,,,,,,,,,,
Hurricanes v. Mothballs 4/22/91,Base.VHS_Home,,,,,,,,,,,,,,
I Need You More,Base.Disc_Retail,,,,,,,,,,,,,,
I Swear,Base.Disc_Retail,,,,,,,,,,,,,,
I'll Look After You,Base.Disc_Retail,,,,,,,,,,,,,,
IRELAND VACATION 1989,Base.VHS_Home,,,,,,,,,,,,,,
Ice Cream,Base.Icecream,Base.IcecreamMelted,,,,,,,,,,,,,
Ice Cream Cone,Base.ConeIcecream,Base.ConeIcecreamMelted,,,,,,,,,,,,,
Ice Cream Cone (crafted),Base.ConeIcecreamToppings,,,,,,,,,,,,,,
Ice Cream Cone (topping),Base.ConeIcecreamToppings,,,,,,,,,,,,,,
Ice Cream Server Apron,Base.Apron_IceCream,,,,,,,,,,,,,,
Ice Hockey Stick,Base.IceHockeyStick,,,,,,,,,,,,,,
Ice Pick,Base.IcePick,,,,,,,,,,,,,,
Icing,Base.Icing,,,,,,,,,,,,,,
Insecticide Spray,farming.GardeningSprayCigarettes,,,,,,,,,,,,,,
Instant Popcorn,Base.Popcorn,,,,,,,,,,,,,,
Iron Rodent Leather Jacket,Base.Jacket_LeatherIronRodent,,,,,,,,,,,,,,
Iron Sight,Base.IronSight,,,,,,,,,,,,,,
J 13th birthday,Base.VHS_Home,,,,,,,,,,,,,,
JS-2000 Shotgun,Base.Shotgun,,,,,,,,,,,,,,
Jack,Base.Jack,,,,,,,,,,,,,,
Jack-o'-lantern,Base.HalloweenPumpkin,,,,,,,,,,,,,,
Jacket,Base.Jacket_NavyBlue,,,,,,,,,,,,,,
Jacket (navy blue),Base.Jacket_NavyBlue,,,,,,,,,,,,,,
Jacques The Beaver,Base.JacquesBeaver,,,,,,,,,,,,,,
Jalapeno,Base.PepperJalapeno,,,,,,,,,,,,,,
Jane Eyre - Audio Book,Base.Disc_Retail,,,,,,,,,,,,,,
Janie's tape,Base.VHS_Home,,,,,,,,,,,,,,
Jar Lid,Base.JarLid,,,,,,,,,,,,,,
Jar of Bell Peppers,Base.CannedBellPepper,,,,,,,,,,,,,,
Jar of Broccoli,Base.CannedBroccoli,,,,,,,,,,,,,,
Jar of Cabbage,Base.CannedCabbage,,,,,,,,,,,,,,
Jar of Carrots,Base.CannedCarrots,,,,,,,,,,,,,,
Jar of Eggplants,Base.CannedEggplant,,,,,,,,,,,,,,
Jar of Leeks,Base.CannedLeek,,,,,,,,,,,,,,
Jar of Potatoes,Base.CannedPotato,,,,,,,,,,,,,,
Jar of Radishes,Base.CannedRedRadish,,,,,,,,,,,,,,
Jar of Tomatoes,Base.CannedTomato,,,,,,,,,,,,,,
Jay Chicken Hat,Base.Hat_Jay,,,,,,,,,,,,,,
Jay Chicken Server Apron,Base.Apron_Jay,,,,,,,,,,,,,,
Jeans,Base.Trousers_Denim,,,,,,,,,,,,,,
Jeff/Kaylee Vegas Wedding,Base.VHS_Home,,,,,,,,,,,,,,
Jelly Doughnut,Base.DoughnutJelly,,,,,,,,,,,,,,
Jellybeans,Base.JellyBeans,,,,,,,,,,,,,,
Jenn's 18th,Base.VHS_Home,,,,,,,,,,,,,,
Jockey Helmet - 1,Base.Hat_JockeyHelmet01,,,,,,,,,,,,,,
Jockey Helmet - 2,Base.Hat_JockeyHelmet02,,,,,,,,,,,,,,
Jockey Helmet - 3,Base.Hat_JockeyHelmet03,,,,,,,,,,,,,,
Jockey Helmet - 4,Base.Hat_JockeyHelmet04,,,,,,,,,,,,,,
Jockey Helmet - 5,Base.Hat_JockeyHelmet05,,,,,,,,,,,,,,
Jockey Helmet - 6,Base.Hat_JockeyHelmet06,,,,,,,,,,,,,,
Jockey Silks - 1,Base.Shirt_Jockey01,,,,,,,,,,,,,,
Jockey Silks - 2,Base.Shirt_Jockey02,,,,,,,,,,,,,,
Jockey Silks - 3,Base.Shirt_Jockey03,,,,,,,,,,,,,,
Jockey Silks - 4,Base.Shirt_Jockey04,,,,,,,,,,,,,,
Jockey Silks - 5,Base.Shirt_Jockey05,,,,,,,,,,,,,,
Jockey Silks - 6,Base.Shirt_Jockey06,,,,,,,,,,,,,,
Joni-Jim Proposal vid!!,Base.VHS_Home,,,,,,,,,,,,,,
Journal,Base.Journal,,,,,,,,,,,,,,
Juice Box,Base.JuiceBox,,,,,,,,,,,,,,
Jujubes,Base.Jujubes,,,,,,,,,,,,,,
KNCF,Base.VHS_Home,,,,,,,,,,,,,,
Kafka Animated - A Message from the Emperor,Base.VHS_Home,,,,,,,,,,,,,,
Katana,Base.Katana,,,,,,,,,,,,,,
Keith's Big Birthday!,Base.VHS_Home,,,,,,,,,,,,,,
Kentucky Baseball Helmet,Base.Hat_BaseballHelmet_KY,,,,,,,,,,,,,,
Kentucky Baseball Shirt,Base.Shirt_Baseball_KY,,,,,,,,,,,,,,
Kentucky Furlongs (5.2.92),Base.VHS_Home,,,,,,,,,,,,,,
Ketchup,Base.Ketchup,,,,,,,,,,,,,,
Kettle,Base.Kettle,Base.FullKettle,,,,,,,,,,,,,
Key,Base.KeyPadlock,Base.Key2,Base.Key3,Base.Key4,Base.Key5,,,,,,,,,,
Key (Padlock),Base.KeyPadlock,,,,,,,,,,,,,,
Key Lime Pie Slice,Base.PieKeyLime,,,,,,,,,,,,,,
Key Ring,Base.KeyRing,,,,,,,,,,,,,,
Keytar,Base.Keytar,,,,,,,,,,,,,,
Kid shows,Base.VHS_Home,,,,,,,,,,,,,,
Kindling,Base.FireWoodKit,,,,,,,,,,,,,,
Kitchen Knife,Base.KitchenKnife,,,,,,,,,,,,,,
Kitchen Tongs,Base.KitchenTongs,,,,,,,,,,,,,,
Knee-length Dress,Base.Dress_Knees,,,,,,,,,,,,,,
Knee-length Skirt,Base.Skirt_Knees,,,,,,,,,,,,,,
Knitting Needles,Base.KnittingNeedles,,,,,,,,,,,,,,
LARRY'S RAP DEMO (PRACTICE),Base.VHS_Home,,,,,,,,,,,,,,
Lacrosse Stick,Base.LaCrosseStick,,,,,,,,,,,,,,
Laines Auto Manual - Commercial Models,Base.MechanicMag2,,,,,,,,,,,,,,
Laines Auto Manual - Performance Models,Base.MechanicMag3,,,,,,,,,,,,,,
Laines Auto Manual - Standard Models,Base.MechanicMag1,,,,,,,,,,,,,,
Lamp,Base.Lamp,,,,,,,,,,,,,,
Lard,Base.Lard,,,,,,,,,,,,,,
Large Backpack,Base.Bag_ALICEpack,Base.Bag_ALICEpack,,,,,,,,,,,,,
Large Gold Looped Earrings,Base.Earring_LoopLrg_Gold,,,,,,,,,,,,,,
Large Silver Looped Earrings,Base.Earring_LoopLrg_Silver,,,,,,,,,,,,,,
Laser,Base.Laser,,,,,,,,,,,,,,
Lead Pipe,Base.LeadPipe,,,,,,,,,,,,,,
Leaf Rake,Base.LeafRake,,,,,,,,,,,,,,
Leash,Base.Leash,,,,,,,,,,,,,,
Leather Gloves,Base.Gloves_LeatherGlovesBlack,,,,,,,,,,,,,,
Leather Gloves (black),Base.Gloves_LeatherGlovesBlack,,,,,,,,,,,,,,
Leather Jacket,Base.Jacket_Black,,,,,,,,,,,,,,
Leather Jacket (long),Base.JacketLong_Random,,,,,,,,,,,,,,
Leather Strips,Base.LeatherStrips,Base.LeatherStripsDirty,,,,,,,,,,,,,
Leek,Base.Leek,,,,,,,,,,,,,,
Lemon,Base.Lemon,,,,,,,,,,,,,,
Lemon Meringue Pie Slice,Base.PieLemonMeringue,,,,,,,,,,,,,,
Lemongrass,Base.LemonGrass,,,,,,,,,,,,,,
Let's Make Love,Base.Disc_Retail,,,,,,,,,,,,,,
Letter Opener,Base.LetterOpener,,,,,,,,,,,,,,
Lettuce,Base.Lettuce,,,,,,,,,,,,,,
Light Blue Paint,Base.PaintLightBlue,,,,,,,,,,,,,,
Light Brown Hair Dye,Base.HairDyeLightBrown,,,,,,,,,,,,,,
Light Brown Paint,Base.PaintLightBrown,,,,,,,,,,,,,,
Light Bulb,Base.LightBulb,,,,,,,,,,,,,,
Lighter,Base.Lighter,,,,,,,,,,,,,,
Lime,Base.Lime,,,,,,,,,,,,,,
Lipstick,Base.Lipstick,,,,,,,,,,,,,,
Little Bait Fish,Base.BaitFish,,,,,,,,,,,,,,
Little Black Dress,Base.Dress_SmallBlackStraps,,,,,,,,,,,,,,
Little Jackson's 4th Bday,Base.VHS_Home,,,,,,,,,,,,,,
Lives Taken,Base.VHS_Retail,,,,,,,,,,,,,,
Lobster,Base.Lobster,,,,,,,,,,,,,,
Locket,Base.Locket,,,,,,,,,,,,,,
Log,Base.Log,,,,,,,,,,,,,,
Lollipop,Base.Lollipop,,,,,,,,,,,,,,
Long Denim Shorts,Base.Shorts_LongDenim,,,,,,,,,,,,,,
Long Dress,Base.Dress_long_Straps,,,,,,,,,,,,,,
Long Dress (straps),Base.Dress_long_Straps,,,,,,,,,,,,,,
Long Gloves,Base.Gloves_LongWomenGloves,,,,,,,,,,,,,,
Long Gold Necklace,Base.NecklaceLong_Gold,,,,,,,,,,,,,,
Long Gold Necklace with Diamond,Base.NecklaceLong_GoldDiamond,,,,,,,,,,,,,,
Long Johns,Base.LongJohns,,,,,,,,,,,,,,
Long Johns Bottoms,Base.LongJohns_Bottoms,,,,,,,,,,,,,,
Long Necklace with Amber Stone,Base.NecklaceLong_Amber,,,,,,,,,,,,,,
Long Silver Necklace,Base.NecklaceLong_Silver,,,,,,,,,,,,,,
Long Silver Necklace with Diamond,Base.NecklaceLong_SilverDiamond,,,,,,,,,,,,,,
Long Silver Necklace with Emerald,Base.NecklaceLong_SilverEmerald,,,,,,,,,,,,,,
Long Silver Necklace with Sapphire Stone,Base.NecklaceLong_SilverSapphire,,,,,,,,,,,,,,
Long Skirt,Base.Skirt_Long,,,,,,,,,,,,,,
Long Sleeve T-shirt,Base.Tshirt_WhiteLongSleeveTINT,Base.Tshirt_WhiteLongSleeveTINT,,,,,,,,,,,,,
Long Socks,Base.Socks_Long,,,,,,,,,,,,,,
Long Sport Shorts,Base.Shorts_LongSport_Red,,,,,,,,,,,,,,
Lopez-Grady fight,Base.VHS_Home,,,,,,,,,,,,,,
Loretta,Base.Disc_Retail,,,,,,,,,,,,,,
Loveheart,Base.VHS_Retail,,,,,,,,,,,,,,
Lug Wrench,Base.LugWrench,,,,,,,,,,,,,,
Lumberjack Shirt,Base.Shirt_Lumberjack,,,,,,,,,,,,,,
Lunchbag,Base.Lunchbag,,,,,,,,,,,,,,
Lunchbox,Base.Lunchbox2,Base.Lunchbox2,,,,,,,,,,,,,
M14 Magazine,Base.M14Clip,,,,,,,,,,,,,,
M14 Rifle,Base.AssaultRifle2,,,,,,,,,,,,,,
M16 Assault Rifle,Base.AssaultRifle,,,,,,,,,,,,,,
M16 Magazine,Base.556Clip,,,,,,,,,,,,,,
M1911 Auto Magazine,Base.45Clip,,,,,,,,,,,,,,
M1911 Pistol,Base.Pistol2,,,,,,,,,,,,,,
M36 Revolver,Base.Revolver_Short,,,,,,,,,,,,,,
M625 Revolver,Base.Revolver,,,,,,,,,,,,,,
M9 Magazine,Base.9mmClip,,,,,,,,,,,,,,
M9 Pistol,Base.Pistol,,,,,,,,,,,,,,
MOM'S TAPE,Base.VHS_Home,,,,,,,,,,,,,,
MSR700 Magazine,Base.223Clip,,,,,,,,,,,,,,
MSR700 Rifle,Base.VarmintRifle,,,,,,,,,,,,,,
MSR788 Magazine,Base.308Clip,,,,,,,,,,,,,,
MSR788 Rifle,Base.HuntingRifle,,,,,,,,,,,,,,
Mac and Cheese,Base.Macandcheese,,,,,,,,,,,,,,
Machete,Base.Machete,,,,,,,,,,,,,,
Magazine,Base.Magazine,,,,,,,,,,,,,,
Magenta Light Bulb,Base.LightBulbMagenta,,,,,,,,,,,,,,
Maggots,Base.Maggots,Base.Maggots2,,,,,,,,,,,,,
Magical Woodland Fox,Base.VHS_Home,,,,,,,,,,,,,,
Magnum,Base.Revolver_Long,,,,,,,,,,,,,,
Makeshift Ham Radio,Radio.HamRadioMakeShift,,,,,,,,,,,,,,
Makeshift Radio,Radio.RadioMakeShift,,,,,,,,,,,,,,
Makeshift Walkie Talkie,Radio.WalkieTalkieMakeShift,,,,,,,,,,,,,,
Maki,Base.Maki,,,,,,,,,,,,,,
Man on the Run,Base.VHS_Retail,,,,,,,,,,,,,,
Mango,Base.Mango,,,,,,,,,,,,,,
Map (item),Base.Map[Place],,,,,,,,,,,,,,
Maple Syrup,Base.MapleSyrup,,,,,,,,,,,,,,
Margarine,Base.Margarine,,,,,,,,,,,,,,
Marinara,Base.Marinara,,,,,,,,,,,,,,
Marmalade,Base.JamMarmalade,,,,,,,,,,,,,,
Marriage License,Base.VHS_Retail,,,,,,,,,,,,,,
Marshmallows,Base.Marshmallows,,,,,,,,,,,,,,
Matches,Base.Matches,,,,,,,,,,,,,,
Mathematical Quadratics and Algebraic Configurations,Base.VHS_Home,,,,,,,,,,,,,,
Mayonnaise,farming.MayonnaiseFull,,,,,,,,,,,,,,
Meat Cleaver,Base.MeatCleaver,,,,,,,,,,,,,,
Meat Dumpling,Base.MeatDumpling,,,,,,,,,,,,,,
Meat Patty,Base.MeatPatty,,,,,,,,,,,,,,
Meat Steam Bun,Base.MeatSteamBun,,,,,,,,,,,,,,
Mechanics Vol. 1,Base.BookMechanic1,,,,,,,,,,,,,,
Mechanics Vol. 2,Base.BookMechanic2,,,,,,,,,,,,,,
Mechanics Vol. 3,Base.BookMechanic3,,,,,,,,,,,,,,
Mechanics Vol. 4,Base.BookMechanic4,,,,,,,,,,,,,,
Mechanics Vol. 5,Base.BookMechanic5,,,,,,,,,,,,,,
Medical Cap Blue,Base.Hat_SurgicalCap_Blue,,,,,,,,,,,,,,
Medical Cap Green,Base.Hat_SurgicalCap_Green,,,,,,,,,,,,,,
Medical Coat,Base.JacketLong_Doctor,,,,,,,,,,,,,,
Medical Corset,Base.Corset_Medical,,,,,,,,,,,,,,
Medical Mask Blue,Base.Hat_SurgicalMask_Blue,,,,,,,,,,,,,,
Medical Mask Green,Base.Hat_SurgicalMask_Green,,,,,,,,,,,,,,
Medical Pants,Base.Trousers_Scrubs,,,,,,,,,,,,,,
Medical Scrubs,Base.Shirt_Scrubs,,,,,,,,,,,,,,
Medical T-shirt,Base.Tshirt_Scrubs,,,,,,,,,,,,,,
Meditation Now!,Base.Disc_Retail,,,,,,,,,,,,,,
Medium Gold Looped Earrings,Base.Earring_LoopMed_Gold,,,,,,,,,,,,,,
Medium Silver Looped Earrings,Base.Earring_LoopMed_Silver,,,,,,,,,,,,,,
Metal Bar,Base.MetalBar,,,,,,,,,,,,,,
Metal Baseball Bat,,,,,,,,,,,,,,,
Metal Drum (item),Base.MetalDrum,,,,,,,,,,,,,,
Metal Pipe,Base.MetalPipe,,,,,,,,,,,,,,
Metal Sheet,Base.SheetMetal,,,,,,,,,,,,,,
Metallic Dress Style Digital Watch,Base.WristWatch_Left_DigitalDress,,,,,,,,,,,,,,
Metalwork Vol. 1,Base.BookMetalWelding1,,,,,,,,,,,,,,
Metalwork Vol. 2,Base.BookMetalWelding2,,,,,,,,,,,,,,
Metalwork Vol. 3,Base.BookMetalWelding3,,,,,,,,,,,,,,
Metalwork Vol. 4,Base.BookMetalWelding4,,,,,,,,,,,,,,
Metalwork Vol. 5,Base.BookMetalWelding5,,,,,,,,,,,,,,
Mildew Spray,farming.GardeningSprayMilk,,,,,,,,,,,,,,
Military Backpack,Base.Bag_ALICEpack_Army,,,,,,,,,,,,,,
Military Boots,Base.Shoes_ArmyBoots,,,,,,,,,,,,,,
Military Bulletproof Vest,Base.Vest_BulletArmy,,,,,,,,,,,,,,
Military Desert Boots,Base.Shoes_ArmyBootsDesert,,,,,,,,,,,,,,
Military Desert Camo Jacket,Base.Jacket_ArmyCamoDesert,,,,,,,,,,,,,,
Military Desert Camo Pants,Base.Trousers_CamoDesert,,,,,,,,,,,,,,
Military Desert Camo Shirt,Base.Shirt_CamoDesert,,,,,,,,,,,,,,
Military Desert Camo T-shirt,Base.Tshirt_CamoDesert,,,,,,,,,,,,,,
Military Green Camo Jacket,Base.Jacket_ArmyCamoGreen,,,,,,,,,,,,,,
Military Green Camo Pants,Base.Trousers_CamoGreen,,,,,,,,,,,,,,
Military Green Camo Shirt,Base.Shirt_CamoGreen,,,,,,,,,,,,,,
Military Green Camo Shorts,Base.Shorts_CamoGreenLong,,,,,,,,,,,,,,
Military Green Camo T-shirt,Base.Tshirt_CamoGreen,,,,,,,,,,,,,,
Military Helmet,Base.Hat_Army,,,,,,,,,,,,,,
Military T-shirt,Base.Tshirt_ArmyGreen,,,,,,,,,,,,,,
Military Urban Camo Pants,Base.Trousers_CamoUrban,,,,,,,,,,,,,,
Military Urban Camo Shirt,Base.Shirt_CamoUrban,,,,,,,,,,,,,,
Military Urban Camo Shorts,Base.Shorts_CamoUrbanLong,,,,,,,,,,,,,,
Military Urban Camo T-shirt,Base.Tshirt_CamoUrban,,,,,,,,,,,,,,
Milk,Base.Milk,,,,,,,,,,,,,,
Millipede,Base.Millipede2,Base.Millipede2,,,,,,,,,,,,,
Mini Skirt,Base.Skirt_Mini,,,,,,,,,,,,,,
Mining Helmet,Base.Hat_HardHat_Miner,,,,,,,,,,,,,,
Mint Candy,Base.MintCandy,,,,,,,,,,,,,,
Mirror,Base.Mirror,,,,,,,,,,,,,,
Mixed Vegetables,Base.MixedVegetables,,,,,,,,,,,,,,
Moderators,Base.VHS_Home,,,,,,,,,,,,,,
Modjeska,Base.Modjeska,,,,,,,,,,,,,,
Moley The Mole,Base.MoleyMole,,,,,,,,,,,,,,
Molly Brown,Base.VHS_Retail,,,,,,,,,,,,,,
Molly june 30,Base.VHS_Home,,,,,,,,,,,,,,
Molotov Cocktail,Base.Molotov,,,,,,,,,,,,,,
Moments in American History - Day of Infamy,Base.Disc_Retail,,,,,,,,,,,,,,
Moments in American History - Gettysburg Address,Base.Disc_Retail,,,,,,,,,,,,,,
Moments in American History - The Constitution,Base.Disc_Retail,,,,,,,,,,,,,,
Moments in American History - The Moon Landing,Base.Disc_Retail,,,,,,,,,,,,,,
Moments in American History - Watergate,Base.Disc_Retail,,,,,,,,,,,,,,
Money,Base.Money,,,,,,,,,,,,,,
Moocows,Base.VHS_Home,,,,,,,,,,,,,,
Moon Madness,Base.Disc_Retail,,,,,,,,,,,,,,
Mop,Base.Mop,,,,,,,,,,,,,,
Mortar and Pestle,Base.MortarPestle,,,,,,,,,,,,,,
Mothballs v. Honey Bears 2.16.91,Base.VHS_Home,,,,,,,,,,,,,,
Mother Earth,Base.Disc_Retail,,,,,,,,,,,,,,
Mother's Boy,Base.VHS_Retail,,,,,,,,,,,,,,
Motion Sensor,Base.MotionSensor,,,,,,,,,,,,,,
Motorcycle Helmet,Base.Hat_CrashHelmetFULL,,,,,,,,,,,,,,
Muffin,Base.MuffinGeneric,,,,,,,,,,,,,,
Muffin (crafted),Base.BakingTray_Muffin_Recipe,,,,,,,,,,,,,,
Muffin Baking Tray,Base.BakingTray_Muffin_Recipe,Base.BakingTray_Muffin_Recipe,,,,,,,,,,,,,
Muffin Tray,Base.MuffinTray,,,,,,,,,,,,,,
Mug,Base.Mugl,Base.MugRed,Base.MugWhite,Base.MugSpiffo,Base.WaterMug,Base.WaterMugRed,Base.WaterMugWhite,Base.WaterMugSpiffo,,,,,,,
Muhammet's First Words,Base.VHS_Home,,,,,,,,,,,,,,
Muldraugh AV Club,Base.VHS_Home,,,,,,,,,,,,,,
Muldraugh v west point soccer,Base.VHS_Home,,,,,,,,,,,,,,
Mushrooms,Base.MushroomGeneric7,,,,,,,,,,,,,,
Mustard,Base.Mustard,,,,,,,,,,,,,,
Mutton Chop,Base.MuttonChop,,,,,,,,,,,,,,
My Boy Asked Me...,Base.Disc_Retail,,,,,,,,,,,,,,
NPK Fertilizer,Base.Fertilizer,Base.FertilizerEmpty,,,,,,,,,,,,,
Nails,Base.Nails,,,,,,,,,,,,,,
Navy Blue Trousers,Base.Trousers_NavyBlue,,,,,,,,,,,,,,
Necklace,,,,,,,,,,,,,,,
Necklace with Crucifix,Base.Necklace_Crucifix,,,,,,,,,,,,,,
Necklace with Yin and Yang Symbol,Base.Necklace_YingYang,,,,,,,,,,,,,,
Needle,Base.Needle,,,,,,,,,,,,,,
Nettles,Base.Nettles,,,,,,,,,,,,,,
New kitties!,Base.VHS_Home,,,,,,,,,,,,,,
Newspaper,Base.Newspaper,,,,,,,,,,,,,,
Newspaper Hat,Base.Hat_NewspaperHat,,,,,,,,,,,,,,
Nightstick,Base.Nightstick,,,,,,,,,,,,,,
No 9,Base.VHS_Home,,,,,,,,,,,,,,
Nof vid,Base.VHS_Home,,,,,,,,,,,,,,
Noise Maker,Base.NoiseTrap,Base.NoiseTrapTriggered,Base.NoiseTrapSensorV1,Base.NoiseTrapSensorV2,Base.NoiseTrapSensorV3,Base.NoiseTrapRemote,,,,,,,,,
Noodle Soup,Base.NoodleSoup,,,,,,,,,,,,,,
Notched Wooden Plank,Base.PercedWood,,,,,,,,,,,,,,
Nuclear Biochemical Mask,Base.Hat_NBCmask,,,,,,,,,,,,,,
OSCC '92,Base.VHS_Home,,,,,,,,,,,,,,
Oatmeal Cookie,Base.CookiesOatmeal,,,,,,,,,,,,,,
Ohio River (VHS),Base.VHS_Home,,,,,,,,,,,,,,
Olive Oil,Base.OilOlive,,,,,,,,,,,,,,
Omega Department - DO NOT TAPE OVER,Base.VHS_Home,,,,,,,,,,,,,,
Omega Department S3 E2,Base.VHS_Home,,,,,,,,,,,,,,
Omega Department ghost town,Base.VHS_Home,,,,,,,,,,,,,,
Omelette,Base.OmeletteRecipe,,,,,,,,,,,,,,
Omelette (crafted),Base.OmeletteRecipe,,,,,,,,,,,,,,
One Eighty (darts),Base.VHS_Home,,,,,,,,,,,,,,
Onigiri,Base.Onigiri,,,,,,,,,,,,,,
Onion,Base.Onion,,,,,,,,,,,,,,
Onion Slices,Base.OnionRings,,,,,,,,,,,,,,
"Ooh, Shut That Door! S7E5",Base.VHS_Home,,,,,,,,,,,,,,
Open Balaclava,Base.Hat_BalaclavaFace,,,,,,,,,,,,,,
Operation Fort Knox,Base.VHS_Retail,,,,,,,,,,,,,,
Orange,Base.Orange,,,,,,,,,,,,,,
Orange Hunting Vest,Base.Vest_Hunting_Orange,,,,,,,,,,,,,,
Orange Light Bulb,Base.LightBulbOrange,,,,,,,,,,,,,,
Orange Paint,Base.PaintOrange,,,,,,,,,,,,,,
Orange Plate,Base.PlateOrange,,,,,,,,,,,,,,
Orange Soda,Base.PopBottle,,,,,,,,,,,,,,
Oregano,Base.Oregano,,,,,,,,,,,,,,
Our Love Goes On,Base.Disc_Retail,,,,,,,,,,,,,,
Our Wedding 19.1.88,Base.VHS_Home,,,,,,,,,,,,,,
Our world 9,Base.VHS_Home,,,,,,,,,,,,,,
Oven Mitt,Base.OvenMitt,,,,,,,,,,,,,,
Over,Base.Disc_Retail,,,,,,,,,,,,,,
Overalls,Base.Dungarees,,,,,,,,,,,,,,
Oysters,Base.Oysters,,,,,,,,,,,,,,
Packaged Corn,Base.CornFrozen,,,,,,,,,,,,,,
Padded Jacket,Base.Jacket_PaddedDOWN,Base.Jacket_PaddedDOWN,,,,,,,,,,,,,
Padded Pants,Base.Trousers_Padded,,,,,,,,,,,,,,
Padlock,Base.Padlock,,,,,,,,,,,,,,
Painkillers,Base.Pills,,,,,,,,,,,,,,
Paint,,,,,,,,,,,,,,,
Paint Bucket,Base.PaintbucketEmpty,Base.WaterPaintbucket,,,,,,,,,,,,,
Paintbrush,Base.Paintbrush,,,,,,,,,,,,,,
Pancake Mix,Base.PancakeMix,,,,,,,,,,,,,,
Pancake The Hedgehog,Base.PancakeHedgehog,,,,,,,,,,,,,,
Pancakes,Base.PancakesRecipe,,,,,,,,,,,,,,
Pancakes (crafted),Base.PancakesRecipe,,,,,,,,,,,,,,
Pants (denim),Base.Trousers,,,,,,,,,,,,,,
Pants (jeans),Base.Trousers_DefaultTEXTURE,Base.Trousers_DefaultTEXTURE_HUE,Base.Trousers_DefaultTEXTURE_TINT,,,,,,,,,,,,
Pants (white),Base.Trousers_WhiteTEXTURE,Base.Trousers_WhiteTINT,,,,,,,,,,,,,
Paper Bag,Base.PaperBag,,,,,,,,,,,,,,
Paper Bag (Jay's),Base.Paperbag_Jays,,,,,,,,,,,,,,
Paper Bag (Spiffo's),Base.Paperbag_Spiffos,,,,,,,,,,,,,,
Paper Napkins,Base.PaperNapkins,,,,,,,,,,,,,,
Paperclip,Base.Paperclip,,,,,,,,,,,,,,
Paris in the Rain,Base.VHS_Retail,,,,,,,,,,,,,,
Parsley,Base.Parsley,,,,,,,,,,,,,,
Party Hat with Stars,Base.Hat_PartyHat_Stars,,,,,,,,,,,,,,
Pasta,Base.PastaPot,,,,,,,,,,,,,,
Pasta (crafted pan),Base.PastaPan,,,,,,,,,,,,,,
Pasta (crafted pot),Base.PastaPot,,,,,,,,,,,,,,
Peach,Base.Peach,,,,,,,,,,,,,,
Peanut Butter,Base.PeanutButter,,,,,,,,,,,,,,
Peanut Butter Sandwich,Base.PeanutButterSandwich,,,,,,,,,,,,,,
Peanuts,Base.Peanuts,,,,,,,,,,,,,,
Pear,Base.Pear,,,,,,,,,,,,,,
Pearl Earrings,Base.Earring_Pearl,,,,,,,,,,,,,,
Pearl Necklace,Base.Necklace_Pearl,,,,,,,,,,,,,,
Peas,Base.Peas,,,,,,,,,,,,,,
Pen,Base.Pen,Base.RedPen,Base.BluePen,,,,,,,,,,,,
Pencil,Base.Pencil,,,,,,,,,,,,,,
Pepper,Base.Pepper,,,,,,,,,,,,,,
Peppermint,Base.Peppermint,,,,,,,,,,,,,,
Pepperoni,Base.Pepperoni,,,,,,,,,,,,,,
Perch,Base.Perch,,,,,,,,,,,,,,
Perfume,Base.Perfume,,,,,,,,,,,,,,
Perogies,Base.Perogies,,,,,,,,,,,,,,
Philosophical Quotes - Aristotle,Base.Disc_Retail,,,,,,,,,,,,,,
Philosophical Quotes - Confucius,Base.Disc_Retail,,,,,,,,,,,,,,
Philosophical Quotes - Machiavelli,Base.Disc_Retail,,,,,,,,,,,,,,
Philosophical Quotes - Rumi,Base.Disc_Retail,,,,,,,,,,,,,,
Philosophical Quotes - The Art of War,Base.Disc_Retail,,,,,,,,,,,,,,
Philosophical Quotes - The Buddha,Base.Disc_Retail,,,,,,,,,,,,,,
Pickaxe,Base.PickAxe,,,,,,,,,,,,,,
Pickaxe Handle,Base.PickAxeHandle,,,,,,,,,,,,,,
Pickles,Base.Pickles,,,,,,,,,,,,,,
Picture of Bob,Base.BobPic,,,,,,,,,,,,,,
Picture of Casey-Jo,Base.CaseyPic,,,,,,,,,,,,,,
Picture of Chris Bailey,Base.ChrisPic,,,,,,,,,,,,,,
Picture of Dr Cortman,Base.CortmanPic,,,,,,,,,,,,,,
Picture of Hank,Base.HankPic,,,,,,,,,,,,,,
Picture of James Garcia,Base.JamesPic,,,,,,,,,,,,,,
Picture of Kate,Base.KatePic,,,,,,,,,,,,,,
Picture of Marianne Brown,Base.MariannePic,,,,,,,,,,,,,,
Pie (savory),Base.PieWholeRaw,,,,,,,,,,,,,,
Pie (sweet),Base.PieWholeRawSweet,,,,,,,,,,,,,,
Pie Dough,Base.PieDough,,,,,,,,,,,,,,
Pie Preparation,Base.PiePrep,,,,,,,,,,,,,,
Pie Slice,Base.Pie,,,,,,,,,,,,,,
Pike,Base.Pike,,,,,,,,,,,,,,
Pile o' Crepe Server Apron,Base.Apron_PileOCrepe,,,,,,,,,,,,,,
Pillbug,Base.Pillbug,,,,,,,,,,,,,,
Pillow,Base.Pillow,,,,,,,,,,,,,,
Pine Cone,Base.Pinecone,,,,,,,,,,,,,,
Pineapple,Base.Pineapple,,,,,,,,,,,,,,
Pink Frilly Underpants,Base.FrillyUnderpants_Pink,,,,,,,,,,,,,,
Pink Hair Dye,Base.HairDyePink,,,,,,,,,,,,,,
Pink Light Bulb,Base.LightBulbPink,,,,,,,,,,,,,,
Pink Paint,Base.PaintPink,,,,,,,,,,,,,,
Pipe Bomb,Base.PipeBomb,Base.PipeBombTriggered,Base.PipeBombSensorV1,Base.PipeBombSensorV2,Base.PipeBombSensorV3,Base.PipeBombRemote,,,,,,,,,
Pipe Wrench,Base.PipeWrench,,,,,,,,,,,,,,
Pizza,Base.PizzaWhole,,,,,,,,,,,,,,
Pizza (crafted),Base.PizzaRecipe,,,,,,,,,,,,,,
Pizza Slice,Base.Pizza,,,,,,,,,,,,,,
Pizza Whirled Server Apron,Base.Apron_PizzaWhirled,,,,,,,,,,,,,,
Plank,Base.Plank,,,,,,,,,,,,,,
Plantain,Base.Plantain,Base.PlantainCataplasm,,,,,,,,,,,,,
Plastic Bag,Base.GroceryBag5,,,,,,,,,,,,,,
Plastic Cup,Base.PlasticCup,Base.PlasticCupWater,,,,,,,,,,,,,
Plastic Cutting Board,Base.CuttingBoardPlastic,,,,,,,,,,,,,,
Plastic Pipe,Base.Pipe,,,,,,,,,,,,,,
Plastic Tray,Base.PlasticTray,,,,,,,,,,,,,,
Plate,Base.Plate,,,,,,,,,,,,,,
Playing Cards,Base.CardDeck,,,,,,,,,,,,,,
Playing with Bruce,Base.VHS_Home,,,,,,,,,,,,,,
Pleistocene Land,Base.VHS_Retail,,,,,,,,,,,,,,
Plonkies,Base.Plonkies,,,,,,,,,,,,,,
Plunger,Base.Plunger,,,,,,,,,,,,,,
Poached Egg,Base.EggPoached,,,,,,,,,,,,,,
Poker Chips,Base.PokerChips,,,,,,,,,,,,,,
Police Bulletproof Vest,Base.Vest_BulletPolice,,,,,,,,,,,,,,
Police Deputy Hat,Base.Hat_Police_Grey,,,,,,,,,,,,,,
Police Deputy Jacket,Base.Jacket_Police,,,,,,,,,,,,,,
Police Deputy Pants,Base.Trousers_PoliceGrey,,,,,,,,,,,,,,
Police Deputy Shirt,Base.Shirt_PoliceGrey,,,,,,,,,,,,,,
Police Deputy T-shirt,Base.Tshirt_PoliceGrey,,,,,,,,,,,,,,
Police Motorcycle Helmet,Base.Hat_CrashHelmet_Police,,,,,,,,,,,,,,
Police Shirt,Base.Shirt_OfficerWhite,,,,,,,,,,,,,,
Police Trooper Hat,Base.Hat_Police,,,,,,,,,,,,,,
Police Trooper Pants,Base.Trousers_Police,,,,,,,,,,,,,,
Police Trooper Shirt,Base.Shirt_PoliceBlue,,,,,,,,,,,,,,
Police Trooper T-shirt,Base.Tshirt_PoliceBlue,,,,,,,,,,,,,,
Polo Neck Sweater,Base.Jumper_PoloNeck,,,,,,,,,,,,,,
Poncho (green),Base.PonchoGreenDOWN,Base.PonchoGreen,,,,,,,,,,,,,
Poncho (yellow),Base.PonchoYellowDOWN,Base.PonchoYellow,,,,,,,,,,,,,
Pool Ball,Base.PoolBall,,,,,,,,,,,,,,
Pool Cue,Base.Poolcue,,,,,,,,,,,,,,
Pop,Base.Pop3,Base.Pop2,Base.Pop3,,,,,,,,,,,,
Poppy Bagel,Base.BagelPoppy,,,,,,,,,,,,,,
Pork Chop,Base.PorkChop,,,,,,,,,,,,,,
Pot of Soup,Base.PotOfSoup,,,,,,,,,,,,,,
Potato,farming.Potato,,,,,,,,,,,,,,
Potato Pancakes,Base.PotatoPancakes,,,,,,,,,,,,,,
Potato Seeds,farming.PotatoSeed,,,,,,,,,,,,,,
Potato Seeds Packet,farming.PotatoBagSeed,,,,,,,,,,,,,,
Poultice,Base.PlantainCataplasm,Base.ComfreyCataplasm,Base.WildGarlicCataplasm,,,,,,,,,,,,
Premium Technologies Ham Radio,Radio.HamRadio1,,,,,,,,,,,,,,
Premium Technologies Radio,Radio.RadioRed,,,,,,,,,,,,,,
Premium Technologies Television,Radio.TvWideScreen,,,,,,,,,,,,,,
Premium Technologies Walkie Talkie,Radio.WalkieTalkie3,,,,,,,,,,,,,,
Preparing a Funeral (What Really Happens),Base.VHS_Home,,,,,,,,,,,,,,
Pretzel,Base.Pretzel,,,,,,,,,,,,,,
Pride and Prejudice - Audio Book,Base.Disc_Retail,,,,,,,,,,,,,,
Priest Shirt,Base.Shirt_Priest,,,,,,,,,,,,,,
Prison Guard Pants,Base.Trousers_PrisonGuard,,,,,,,,,,,,,,
Prison Guard Shirt,Base.Shirt_PrisonGuard,,,,,,,,,,,,,,
Prisoner Jumpsuit,Base.Boilersuit_PrisonerKhaki,,,,,,,,,,,,,,
Prisoner Jumpsuit (khaki),Base.Boilersuit_PrisonerKhaki,,,,,,,,,,,,,,
Processed Cheese,Base.Processedcheese,,,,,,,,,,,,,,
Propane Tank,Base.PropaneTank,,,,,,,,,,,,,,
Propane Torch,Base.BlowTorch,,,,,,,,,,,,,,
Pumpkin,Base.Pumpkin,,,,,,,,,,,,,,
Pumpkin Pie Slice,Base.PiePumpkin,,,,,,,,,,,,,,
Purple Light Bulb,Base.LightBulbPurple,,,,,,,,,,,,,,
Purple Paint,Base.PaintPurple,,,,,,,,,,,,,,
Purse,Base.Purse,,,,,,,,,,,,,,
QUIZ SHOWS,Base.VHS_Home,,,,,,,,,,,,,,
Quagga Cakes,Base.QuaggaCakes,,,,,,,,,,,,,,
Quentin's 16th,Base.VHS_Home,,,,,,,,,,,,,,
RMFA,Base.VHS_Home,,,,,,,,,,,,,,
Rabbit Meat,Base.Rabbitmeat,,,,,,,,,,,,,,
Raccoon Hat,Base.Hat_Raccoon,,,,,,,,,,,,,,
Radio,,,,,,,,,,,,,,,
Radio Receiver,Radio.RadioReceiver,,,,,,,,,,,,,,
Radio Transmitter,Radio.RadioTransmitter,,,,,,,,,,,,,,
Radish,farming.RedRadish,,,,,,,,,,,,,,
Radish Seeds,farming.RedRadishSeed,,,,,,,,,,,,,,
Radish Seeds Packet,farming.RedRadishBagSeed,,,,,,,,,,,,,,
Rain Boots,Base.Shoes_Wellies,,,,,,,,,,,,,,
Rake,Base.Rake,,,,,,,,,,,,,,
Ranger Hat,Base.Hat_Ranger,,,,,,,,,,,,,,
Ranger Jacket,Base.Jacket_Ranger,,,,,,,,,,,,,,
Ranger Pants,Base.Trousers_Ranger,,,,,,,,,,,,,,
Ranger Shirt,Base.Shirt_Ranger,,,,,,,,,,,,,,
Ranger T-shirt,Base.Tshirt_Ranger,,,,,,,,,,,,,,
Rangers v. Honey Bears 5.8.92,Base.VHS_Home,,,,,,,,,,,,,,
Rangers v. Hurricanes 8.12.92,Base.VHS_Home,,,,,,,,,,,,,,
Rangers v. Mothballs 12.8.90,Base.VHS_Home,,,,,,,,,,,,,,
Raps for Christ,Base.Disc_Retail,,,,,,,,,,,,,,
Raspberry Shortbread,Base.CookieJelly,,,,,,,,,,,,,,
Razor,Base.Razor,,,,,,,,,,,,,,
Reasons for War,Base.Disc_Retail,,,,,,,,,,,,,,
Receiver,Base.Receiver,,,,,,,,,,,,,,
Recoil Pad,Base.RecoilPad,,,,,,,,,,,,,,
Red Corset,Base.Corset_Red,,,,,,,,,,,,,,
Red Digital Watch,Base.WristWatch_Left_DigitalRed,,,,,,,,,,,,,,
Red Dot,Base.RedDot,,,,,,,,,,,,,,
Red Fireman T-shirt,Base.Tshirt_Profession_FiremanRed,,,,,,,,,,,,,,
Red Frilly Underpants,Base.FrillyUnderpants_Red,,,,,,,,,,,,,,
Red Game Pieces,Base.GamePieceRed,,,,,,,,,,,,,,
Red Hair Dye,Base.HairDyeRed,,,,,,,,,,,,,,
Red Licorice,Base.LicoriceRed,,,,,,,,,,,,,,
Red Light Bulb,Base.LightBulbRed,,,,,,,,,,,,,,
Red Paint,Base.PaintRed,,,,,,,,,,,,,,
Red Spots Underpants,Base.Underpants_RedSpots,,,,,,,,,,,,,,
Red Trunks,Base.Briefs_SmallTrunks_Red,,,,,,,,,,,,,,
Red Velvet Cake Slice,Base.CakeRedVelvet,,,,,,,,,,,,,,
Red Veteran T-shirt,Base.Tshirt_Profession_VeterenRed,,,,,,,,,,,,,,
Red Wine,Base.Wine2,,,,,,,,,,,,,,
Refried Beans,Base.RefriedBeans,,,,,,,,,,,,,,
Remote Aerosol Bomb,Base.AerosolbombRemote,,,,,,,,,,,,,,
Remoulade,farming.RemouladeFull,,,,,,,,,,,,,,
Return of the Nightwatcher,Base.VHS_Retail,,,,,,,,,,,,,,
Reverend Quigley,Base.VHS_Home,,,,,,,,,,,,,,
Rice,Base.RicePot,,,,,,,,,,,,,,
Rice (crafted pan),Base.RicePan,,,,,,,,,,,,,,
Rice (crafted pot),Base.RicePot,,,,,,,,,,,,,,
Rice Paper,Base.RicePaper,,,,,,,,,,,,,,
Rice Vinegar,Base.RiceVinegar,,,,,,,,,,,,,,
Riding Boots,Base.Shoes_RidingBoots,,,,,,,,,,,,,,
Riding Helmet,Base.Hat_RidingHelmet,,,,,,,,,,,,,,
Ring,Base.Ring,,,,,,,,,,,,,,
Riot Helmet,Base.Hat_RiotHelmet,,,,,,,,,,,,,,
Ripped Sheets,Base.RippedSheets,Base.RippedSheetsDirty,Base.AlcoholRippedSheets,,,,,,,,,,,,
Riverside Classic '92,Base.VHS_Home,,,,,,,,,,,,,,
Riverside Rangers Baseball Helmet,Base.Hat_BaseballHelmet_Rangers,,,,,,,,,,,,,,
Riverside Rangers Baseball Shirt,Base.Shirt_Baseball_Rangers,,,,,,,,,,,,,,
Riverside vs West Point footie,Base.VHS_Home,,,,,,,,,,,,,,
Roasted Vegetables,Base.PanFriedVegetables2,,,,,,,,,,,,,,
Roasting Pan,Base.RoastingPan,,,,,,,,,,,,,,
Robinson Crusoe - Audio Book,Base.Disc_Retail,,,,,,,,,,,,,,
Rock Candy,Base.RockCandy,,,,,,,,,,,,,,
Rock Gods,Base.Disc_Retail,,,,,,,,,,,,,,
Rodent Meat,Base.Smallanimalmeat,,,,,,,,,,,,,,
Roger's VHS,Base.VHS_Home,,,,,,,,,,,,,,
Rolled Dough,Base.DoughRolled,,,,,,,,,,,,,,
Rolling Pin,Base.RollingPin,,,,,,,,,,,,,,
Rope,Base.Rope,,,,,,,,,,,,,,
Rose Hips,Base.Rosehips,,,,,,,,,,,,,,
Rosemary,Base.Rosemary,,,,,,,,,,,,,,
Rosewood Prison,Base.Disc_Retail,,,,,,,,,,,,,,
Round Neck Sweater,Base.Jumper_RoundNeck,,,,,,,,,,,,,,
Rubber Band,Base.RubberBand,,,,,,,,,,,,,,
Rubber Duck,Base.Rubberducky,,,,,,,,,,,,,,
Rubber Duck (battery),Base.Rubberducky2,,,,,,,,,,,,,,
Ruby Earrings,Base.Earring_Stone_Ruby,,,,,,,,,,,,,,
Running on Fumes,Base.Disc_Retail,,,,,,,,,,,,,,
ST 4,Base.VHS_Home,,,,,,,,,,,,,,
Sack,Base.SackOnions,,,,,,,,,,,,,,
Safety Goggles,Base.Glasses_SafetyGoggles,,,,,,,,,,,,,,
Sage,Base.Sage,,,,,,,,,,,,,,
Salad,farming.Salad,,,,,,,,,,,,,,
Salami,Base.Salami,,,,,,,,,,,,,,
Salami Slices,Base.SalamiSlice,,,,,,,,,,,,,,
Salmon,Base.Salmon,,,,,,,,,,,,,,
Salt,Base.Salt,,,,,,,,,,,,,,
Sand Bag,Base.Sandbag,,,,,,,,,,,,,,
Sandals,Base.Shoes_Sandals,,,,,,,,,,,,,,
Sandwich (baguette),Base.BaguetteSandwich,,,,,,,,,,,,,,
Sandwich (bread),Base.Sandwich,,,,,,,,,,,,,,
Sandy Perry,Base.VHS_Home,,,,,,,,,,,,,,
Santa Hat,Base.Hat_SantaHat,,,,,,,,,,,,,,
Santa Suit Jacket,Base.JacketLong_Santa,,,,,,,,,,,,,,
Santa Suit Pants,Base.Trousers_Santa,,,,,,,,,,,,,,
Sapphire Stone Earrings,Base.Earring_Stone_Sapphire,,,,,,,,,,,,,,
Sarcastic,Base.Disc_Retail,,,,,,,,,,,,,,
Satchel,Base.Bag_Satchel,,,,,,,,,,,,,,
Satin Negligee,Base.Dress_SatinNegligee,,,,,,,,,,,,,,
Satin and Silk,Base.VHS_Retail,,,,,,,,,,,,,,
Saucepan,Base.Saucepan,,,,,,,,,,,,,,
Sausage,Base.Sausage,,,,,,,,,,,,,,
Saw,Base.Saw,,,,,,,,,,,,,,
Sawed-off Double Barrel Shotgun,Base.DoubleBarrelShotgunSawnoff,,,,,,,,,,,,,,
Sawed-off JS-2000 Shotgun,Base.ShotgunSawnoff,,,,,,,,,,,,,,
Saxophone,Base.Saxophone,,,,,,,,,,,,,,
Scalpel,Base.Scalpel,,,,,,,,,,,,,,
Scanner Module,Radio.ScannerModule,,,,,,,,,,,,,,
Scarf (black stripes),Base.Scarf_StripeBlackWhite,,,,,,,,,,,,,,
Scarf (blue stripes),Base.Scarf_StripeBlueWhite,,,,,,,,,,,,,,
Scarf (red stripes),Base.Scarf_StripeRedWhite,,,,,,,,,,,,,,
Scarf (white),Base.Scarf_White,,,,,,,,,,,,,,
School Bag,Base.Bag_Schoolbag,,,,,,,,,,,,,,
School recital,Base.VHS_Home,,,,,,,,,,,,,,
Scissors,Base.Scissors,,,,,,,,,,,,,,
Scrambled Eggs,Base.EggScrambled,,,,,,,,,,,,,,
Scrap Electronics,Base.ElectronicsScrap,,,,,,,,,,,,,,
Scrap Metal,Base.ScrapMetal,,,,,,,,,,,,,,
Scrap Wood,Base.UnusableWood,,,,,,,,,,,,,,
Screwdriver,Base.Screwdriver,,,,,,,,,,,,,,
Screws,Base.Screws,,,,,,,,,,,,,,
Seaweed,Base.Seaweed,,,,,,,,,,,,,,
Secrets of Spiffo's Special Sauce,Base.VHS_Home,,,,,,,,,,,,,,
Seed Bag,Base.SeedBag,,,,,,,,,,,,,,
Seeding Broccoli,farming.BloomingBroccoli,,,,,,,,,,,,,,
Sesame Bagel,Base.BagelSesame,,,,,,,,,,,,,,
Sewing Kit,Base.SewingKit,,,,,,,,,,,,,,
Sheet,Base.Sheet,,,,,,,,,,,,,,
Sheet Rope,Base.SheetRope,,,,,,,,,,,,,,
Sheet of Paper,Base.SheetPaper2,Base.SheetPaper,,,,,,,,,,,,,
Shell Suit Jacket,Base.Jacket_Shellsuit_TINT,,,,,,,,,,,,,,
Shell Suit Jacket (black),Base.Jacket_Shellsuit_TINT,,,,,,,,,,,,,,
Shell Suit Jacket (blue),Base.Jacket_Shellsuit_TINT,,,,,,,,,,,,,,
Shell Suit Jacket (green),Base.Jacket_Shellsuit_TINT,,,,,,,,,,,,,,
Shell Suit Jacket (pink),Base.Jacket_Shellsuit_TINT,,,,,,,,,,,,,,
Shell Suit Jacket (teal),Base.Jacket_Shellsuit_TINT,,,,,,,,,,,,,,
Shell Suit Trousers,Base.Trousers_Shellsuit_TINT,,,,,,,,,,,,,,
Shell Suit Trousers (black),Base.Trousers_Shellsuit_Black,,,,,,,,,,,,,,
Shell Suit Trousers (blue),Base.Trousers_Shellsuit_Blue,,,,,,,,,,,,,,
Shell Suit Trousers (green),Base.Trousers_Shellsuit_Green,,,,,,,,,,,,,,
Shell Suit Trousers (pink),Base.Trousers_Shellsuit_Pink,,,,,,,,,,,,,,
Shell Suit Trousers (teal),Base.Trousers_Shellsuit_Teal,,,,,,,,,,,,,,
Shells Bandolier,Base.AmmoStrap_Shells,,,,,,,,,,,,,,
Shoes (black),Base.Shoes_Black,,,,,,,,,,,,,,
Shoes (brown),Base.Shoes_Brown,,,,,,,,,,,,,,
Shoes (random),Base.Shoes_Random,,,,,,,,,,,,,,
Short Dress,Base.Dress_Short,,,,,,,,,,,,,,
Short Skirt,Base.Skirt_Short,,,,,,,,,,,,,,
Short Sleeve Shirt,Base.Shirt_FormalWhite_ShortSleeveTINT,Base.Shirt_FormalWhite_ShortSleeveTINT,,,,,,,,,,,,,
Shortbread Cookie,Base.CookiesShortbread,,,,,,,,,,,,,,
Shorts,Base.Shorts_ShortFormal,,,,,,,,,,,,,,
Shotgun Shells,Base.ShotgunShells,,,,,,,,,,,,,,
Shotgun Shells Mold,Base.ShotgunShellsMold,,,,,,,,,,,,,,
Shovel,Base.Shovel2,Base.Shovel2,,,,,,,,,,,,,
Shower Cap,Base.Hat_ShowerCap,,,,,,,,,,,,,,
Shows,Base.VHS_Home,,,,,,,,,,,,,,
Shrimp,Base.Shrimp,,,,,,,,,,,,,,
Shrimp Dumpling,Base.ShrimpDumpling,,,,,,,,,,,,,,
Silver Bangle,Base.Bracelet_BangleLeftSilver,Bracelet_BangleLeftSilver,,,,,,,,,,,,,
Silver Chain Bracelet,Base.Bracelet_ChainLeftSilver,Base.Bracelet_ChainLeftSilver,,,,,,,,,,,,,
Silver Necklace,Base.Necklace_Silver,,,,,,,,,,,,,,
Silver Necklace with Crucifix,Base.Necklace_SilverCrucifix,,,,,,,,,,,,,,
Silver Necklace with Diamond,Base.Necklace_SilverDiamond,,,,,,,,,,,,,,
Silver Necklace with Sapphire Stone,Base.Necklace_SilverSapphire,,,,,,,,,,,,,,
Silver Nose Ring,Base.NoseRing_Silver,,,,,,,,,,,,,,
Silver Nose Stud,Base.NoseStud_Silver,,,,,,,,,,,,,,
Silver Stud Earrings,Base.Earring_Stud_Silver,,,,,,,,,,,,,,
Simon's Fitness Club E1,Base.VHS_Retail,,,,,,,,,,,,,,
Simon's Fitness Club E2,Base.VHS_Retail,,,,,,,,,,,,,,
Simon's Fitness Club E3,Base.VHS_Retail,,,,,,,,,,,,,,
Simon's Fitness Club E4,Base.VHS_Retail,,,,,,,,,,,,,,
Simon's Fitness Club E5,Base.VHS_Retail,,,,,,,,,,,,,,
Ski Goggles,Base.Glasses_SkiGoggles,,,,,,,,,,,,,,
Skinny Leather Trousers,Base.TrousersMesh_Leather,,,,,,,,,,,,,,
Skirt,Base.Skirt_Normal,,,,,,,,,,,,,,
Sledgehammer,Base.Sledgehammer,Base.Sledgehammer2,,,,,,,,,,,,,
Sleeping Tablets,Base.PillsSleepingTablets,,,,,,,,,,,,,,
Sling,Base.Sling,,,,,,,,,,,,,,
Slippers,Base.Shoes_Slippers,,,,,,,,,,,,,,
Slow Descent,Base.VHS_Retail,,,,,,,,,,,,,,
Slug,Base.Slug2,Base.Slug2,,,,,,,,,,,,,
Small Bandeau,Base.BoobTubeSmall,,,,,,,,,,,,,,
Small Bird Meat,Base.Smallbirdmeat,,,,,,,,,,,,,,
Small Gold Looped Earrings,Base.Earring_LoopSmall_Gold_Both,Base.Earring_LoopSmall_Gold_Top,,,,,,,,,,,,,
Small Metal Sheet,Base.SmallSheetMetal,,,,,,,,,,,,,,
Small Silver Looped Earrings,Base.Earring_LoopSmall_Silver_Both,Base.Earring_LoopSmall_Silver_Top,,,,,,,,,,,,,
Smashed Bottle,Base.SmashedBottle,,,,,,,,,,,,,,
Smoke Bomb,Base.SmokeBomb,Base.SmokeBombTriggered,Base.SmokeBombSensorV1,Base.SmokeBombSensorV2,Base.SmokeBombSensorV3,Base.SmokeBombRemote,,,,,,,,,
Smore,Base.Smore,,,,,,,,,,,,,,
Snail,Base.Snail,,,,,,,,,,,,,,
Sneakers (blue),Base.Shoes_BlueTrainers,,,,,,,,,,,,,,
Sneakers (random),Base.Shoes_TrainerTINT,,,,,,,,,,,,,,
Sneakers (red),Base.Shoes_RedTrainers,,,,,,,,,,,,,,
Sno Globes,Base.SnoGlobes,,,,,,,,,,,,,,
Snow Shovel,Base.SnowShovel,,,,,,,,,,,,,,
Soap,Base.Soap2,,,,,,,,,,,,,,
Soaps Tape,Base.VHS_Home,,,,,,,,,,,,,,
Soccer Ball,Base.SoccerBall,,,,,,,,,,,,,,
Socks,Base.Socks_Ankle,Base.Socks,Base.Socks2,,,,,,,,,,,,
Sordid Client,Base.VHS_Retail,,,,,,,,,,,,,,
Soup,Base.PotOfSoupRecipe,,,,,,,,,,,,,,
Soy Sauce,Base.Soysauce,,,,,,,,,,,,,,
Space Crew S3.01,Base.VHS_Retail,,,,,,,,,,,,,,
Space Crew S3.02,Base.VHS_Retail,,,,,,,,,,,,,,
Space Crew S3.03,Base.VHS_Retail,,,,,,,,,,,,,,
Space Crew S3.04,Base.VHS_Retail,,,,,,,,,,,,,,
Space Crew S3.05,Base.VHS_Retail,,,,,,,,,,,,,,
Spatula,Base.Spatula,,,,,,,,,,,,,,
Speaker,Base.Speaker,,,,,,,,,,,,,,
Spear with Bread Knife,Base.SpearBreadKnife,,,,,,,,,,,,,,
Spear with Butter Knife,Base.SpearButterKnife,,,,,,,,,,,,,,
Spear with Fork,Base.SpearFork,,,,,,,,,,,,,,
Spear with Hand Fork,Base.SpearHandFork,,,,,,,,,,,,,,
Spear with Hunting Knife,Base.SpearHuntingKnife,,,,,,,,,,,,,,
Spear with Ice Pick,Base.SpearIcePick,,,,,,,,,,,,,,
Spear with Knife,Base.SpearKnife,,,,,,,,,,,,,,
Spear with Letter Opener,Base.SpearLetterOpener,,,,,,,,,,,,,,
Spear with Machete,Base.SpearMachete,,,,,,,,,,,,,,
Spear with Scalpel,Base.SpearScalpel,,,,,,,,,,,,,,
Spear with Scissors,Base.SpearScissors,,,,,,,,,,,,,,
Spear with Screwdriver,Base.SpearScrewdriver,,,,,,,,,,,,,,
Spear with Spoon,Base.SpearSpoon,,,,,,,,,,,,,,
Spiffo (item),Base.Spiffo,,,,,,,,,,,,,,
Spiffo Suit,Base.SpiffoSuit,,,,,,,,,,,,,,
Spiffo Suit Head,Base.Hat_Spiffo,,,,,,,,,,,,,,
Spiffo Suit Tail,Base.SpiffoTail,,,,,,,,,,,,,,
Spiffo T-shirt,Base.Tshirt_SpiffoDECAL,,,,,,,,,,,,,,
Spiffo T-shirt (Spiffo's),Base.Tshirt_BusinessSpiffo,,,,,,,,,,,,,,
Spiffo World June 1992,Base.VHS_Home,,,,,,,,,,,,,,
Spiffo's Server Apron,Base.Apron_Spiffos,,,,,,,,,,,,,,
Spiked Baseball Bat,Base.BaseballBatNails,,,,,,,,,,,,,,
Spiked Pickaxe Handle,Base.PickAxeHandleSpiked,,,,,,,,,,,,,,
Spiked Plank,Base.PlankNail,,,,,,,,,,,,,,
Splint,Base.Splint,,,,,,,,,,,,,,
Sponge,Base.Sponge,,,,,,,,,,,,,,
Spoon,Base.Spoon,,,,,,,,,,,,,,
Sport Shorts,Base.Shorts_ShortSport,,,,,,,,,,,,,,
Sport T-shirt,Base.Tshirt_Sport,,,,,,,,,,,,,,
Spring Roll,Base.Springroll,,,,,,,,,,,,,,
Squad Down,Base.VHS_Retail,,,,,,,,,,,,,,
Squid,Base.Squid,,,,,,,,,,,,,,
Squid Calamari,Base.SquidCalamari,,,,,,,,,,,,,,
Stake,Base.Stake,,,,,,,,,,,,,,
Standard Bra,Base.Bra_Straps_White,,,,,,,,,,,,,,
Standard Military Issue Wrist Watch,WristWatch_Right_ClassicMilitary,WristWatch_left_ClassicMilitary,,,,,,,,,,,,,
Stapler,Base.Stapler,,,,,,,,,,,,,,
Staples,Base.Staples,,,,,,,,,,,,,,
Steak,Base.Steak,,,,,,,,,,,,,,
Steel Knuckle,Base.CaseyPic,,,,,,,,,,,,,,
Stew,Base.PotOfStew,,,,,,,,,,,,,,
Stir Fry (griddle),Base.GriddlePanFriedVegetables,,,,,,,,,,,,,,
Stir Fry (pan),Base.PanFriedVegetables,,,,,,,,,,,,,,
Stock cars,Base.VHS_Home,,,,,,,,,,,,,,
Stockings,Base.StockingsBlack,,,,,,,,,,,,,,
Stockings (black),Base.StockingsBlack,,,,,,,,,,,,,,
Stockings Semi Transparent,Base.StockingsBlackSemiTrans,,,,,,,,,,,,,,
Stockings Transparent,Base.StockingsBlackTrans,,,,,,,,,,,,,,
Stone,Base.Stone,,,,,,,,,,,,,,
Stone Axe,Base.AxeStone,,,,,,,,,,,,,,
Stone Hammer,Base.HammerStone,,,,,,,,,,,,,,
Stone Knife,Base.FlintKnife,,,,,,,,,,,,,,
Strange Little Men,Base.VHS_Retail,,,,,,,,,,,,,,
Strangely True S2.01,Base.VHS_Retail,,,,,,,,,,,,,,
Strangely True S2.02,Base.VHS_Retail,,,,,,,,,,,,,,
Strangely True S2.03,Base.VHS_Retail,,,,,,,,,,,,,,
Strangely True S2.04,Base.VHS_Retail,,,,,,,,,,,,,,
Strangely True S2.05,Base.VHS_Retail,,,,,,,,,,,,,,
Strapless Black Dress,Base.Dress_SmallBlackStrapless,,,,,,,,,,,,,,
Strapless Bra,Base.Bra_Strapless_White,,,,,,,,,,,,,,
Strapless Bra - Animal Print,Base.Bra_Strapless_AnimalPrint,,,,,,,,,,,,,,
Strapless Bra - Black,Base.Bra_Strapless_Black,,,,,,,,,,,,,,
Strapless Bra - Black Frills,Base.Bra_Strapless_FrillyBlack,,,,,,,,,,,,,,
Strapless Bra - Pink Frills,Base.Bra_Strapless_FrillyPink,,,,,,,,,,,,,,
Strapless Bra - Red Frills,Base.Bra_Strapless_FrillyRed,,,,,,,,,,,,,,
Strapless Bra - Red Spots,Base.Bra_Strapless_RedSpots,,,,,,,,,,,,,,
Strapless Small Dress,Base.Dress_SmallStrapless,,,,,,,,,,,,,,
Strapped Shoes,Base.Shoes_Strapped,,,,,,,,,,,,,,
Straps Dress,Base.Dress_Straps,,,,,,,,,,,,,,
Straps Knee-length Dress,Base.DressKnees_Straps,,,,,,,,,,,,,,
Straps Small Dress,Base.Dress_SmallStraps,,,,,,,,,,,,,,
Straw,Base.Straw,,,,,,,,,,,,,,
Strawberries,farming.Strewberrie,,,,,,,,,,,,,,
Strawberry Blonde Hair Dye,Base.HairDyeGinger,,,,,,,,,,,,,,
Strawberry Cake Slice,Base.CakeStrawberryShortcake,,,,,,,,,,,,,,
Strawberry Seeds,farming.StrewberrieSeed,,,,,,,,,,,,,,
Strawberry Seeds Packet,farming.StrewberrieBagSeed,,,,,,,,,,,,,,
String,Base.String,,,,,,,,,,,,,,
Sturdy Stick,Base.WoodenStick,,,,,,,,,,,,,,
Sugar,Base.Sugar,,,,,,,,,,,,,,
Sugar Cookie,Base.CookiesSugar,,,,,,,,,,,,,,
Sugar Packet,Base.SugarPacket,,,,,,,,,,,,,,
Suit Jacket,Base.Suit_JacketTINT,,,,,,,,,,,,,,
Suit Jacket (black),Base.Suit_Jacket,,,,,,,,,,,,,,
Suit Pants (black),Base.Trousers_Suit,,,,,,,,,,,,,,
Suit Pants (colored),Base.Trousers_SuitWhite,,,,,,,,,,,,,,
Suit Pants (skinny),Base.Trousers_SuitTEXTURE,,,,,,,,,,,,,,
Suitcase,Base.Suitcase,,,,,,,,,,,,,,
Summer Hat,Base.Hat_SummerHat,,,,,,,,,,,,,,
Sunday Night Late 12/20/92,Base.VHS_Home,,,,,,,,,,,,,,
Sunfish,Base.Panfish,,,,,,,,,,,,,,
Sunflower Seeds,Base.SunflowerSeeds,,,,,,,,,,,,,,
Sunset Drive,Base.VHS_Home,,,,,,,,,,,,,,
Surgical Gloves,Base.Gloves_Surgical,,,,,,,,,,,,,,
Survival Instinct,Base.VHS_Retail,,,,,,,,,,,,,,
Suture Needle,Base.SutureNeedle,,,,,,,,,,,,,,
Suture Needle Holder,Base.SutureNeedleHolder,,,,,,,,,,,,,,
Sweatband,Base.Hat_Sweatband,,,,,,,,,,,,,,
Swim Trunks (blue),Base.SwimTrunks_Blue,,,,,,,,,,,,,,
Swim Trunks (green),Base.SwimTrunks_Green,,,,,,,,,,,,,,
Swim Trunks (red),Base.SwimTrunks_Red,,,,,,,,,,,,,,
Swim Trunks (yellow),Base.SwimTrunks_Yellow,,,,,,,,,,,,,,
Swimming Goggles,Base.Glasses_SwimmingGoggles,,,,,,,,,,,,,,
Swimsuit,Base.Swimsuit_TINT,,,,,,,,,,,,,,
T-shirt,Base.Tshirt_WhiteTINT,,,,,,,,,,,,,,
T-shirt (sport),Base.Tshirt_SportDECAL,,,,,,,,,,,,,,
TDTOE,Base.VHS_Home,,,,,,,,,,,,,,
TIS T-shirt,Base.Tshirt_IndieStoneDECAL,,,,,,,,,,,,,,
TV Dinner,Base.TVDinner,,,,,,,,,,,,,,
TV Magazine,Base.TVMagazine,,,,,,,,,,,,,,
TV Remote,Base.Remote,,,,,,,,,,,,,,
TV repair,Base.VHS_Home,,,,,,,,,,,,,,
Table Leg,Base.TableLeg,,,,,,,,,,,,,,
Taco,Base.TacoRecipe,,,,,,,,,,,,,,
Taco (crafted),Base.TacoRecipe,,,,,,,,,,,,,,
Taco Shell,Base.TacoShell,,,,,,,,,,,,,,
Tactical Walkie Talkie,Radio.WalkieTalkie4,,,,,,,,,,,,,,
Tailoring 101,Base.VHS_Home,,,,,,,,,,,,,,
Tailoring Vol. 1,Base.BookTailoring1,,,,,,,,,,,,,,
Tailoring Vol. 2,Base.BookTailoring2,,,,,,,,,,,,,,
Tailoring Vol. 3,Base.BookTailoring3,,,,,,,,,,,,,,
Tailoring Vol. 4,Base.BookTailoring4,,,,,,,,,,,,,,
Tailoring Vol. 5,Base.BookTailoring5,,,,,,,,,,,,,,
Tangier,Base.VHS_Retail,,,,,,,,,,,,,,
Tank Top,Base.Vest_DefaultTEXTURE_TINT,Base.Vest_DefaultTEXTURE_TINT,,,,,,,,,,,,,
Tarp,Base.Tarp,,,,,,,,,,,,,,
Tea Bag,Base.Teabag2,,,,,,,,,,,,,,
Teacup,Base.Teacup,,,,,,,,,,,,,,
Television,,,,,,,,,,,,,,,
Tempest,Base.VHS_Home,,,,,,,,,,,,,,
Tennis Ball,Base.TennisBall,,,,,,,,,,,,,,
Tennis Racket,Base.TennisRacket,,,,,,,,,,,,,,
Tent Kit,camping.CampingTentKit,,,,,,,,,,,,,,
Tent Peg,camping.TentPeg,,,,,,,,,,,,,,
Termites,Base.Termites,,,,,,,,,,,,,,
The Cook Show E1,Base.VHS_Retail,,,,,,,,,,,,,,
The Cook Show E2,Base.VHS_Retail,,,,,,,,,,,,,,
The Cook Show E3,Base.VHS_Retail,,,,,,,,,,,,,,
The Cook Show E4,Base.VHS_Retail,,,,,,,,,,,,,,
The Cook Show E5,Base.VHS_Retail,,,,,,,,,,,,,,
The Cook Show E6,Base.VHS_Retail,,,,,,,,,,,,,,
The Cook Show E7,Base.VHS_Retail,,,,,,,,,,,,,,
The Crying of the Foxes,Base.VHS_Retail,,,,,,,,,,,,,,
The Danger in Your Bed,Base.VHS_Retail,,,,,,,,,,,,,,
The Depth of your Love,Base.Disc_Retail,,,,,,,,,,,,,,
The Dog Goblin,Base.VHS_Retail,,,,,,,,,,,,,,
The Farming Magazine,Base.FarmingMag1,,,,,,,,,,,,,,
The Herbalist,Base.HerbalistMag,,,,,,,,,,,,,,
The Hunter Magazine Vol. 1,Base.HuntingMag1,,,,,,,,,,,,,,
The Hunter Magazine Vol. 2,Base.HuntingMag2,,,,,,,,,,,,,,
The Hunter Magazine Vol. 3,Base.HuntingMag3,,,,,,,,,,,,,,
The Janitor,Base.VHS_Retail,,,,,,,,,,,,,,
The Magical Woodland E1,Base.VHS_Retail,,,,,,,,,,,,,,
The Magical Woodland E2,Base.VHS_Retail,,,,,,,,,,,,,,
The Magical Woodland E3,Base.VHS_Retail,,,,,,,,,,,,,,
The Magical Woodland E4,Base.VHS_Retail,,,,,,,,,,,,,,
The Magical Woodland E5,Base.VHS_Retail,,,,,,,,,,,,,,
The Metalwork Magazine Vol. 1,Base.MetalworkMag1,,,,,,,,,,,,,,
The Metalwork Magazine Vol. 2,Base.MetalworkMag2,,,,,,,,,,,,,,
The Metalwork Magazine Vol. 3,Base.MetalworkMag3,,,,,,,,,,,,,,
The Metalwork Magazine Vol. 4,Base.MetalworkMag4,,,,,,,,,,,,,,
The Metamorphosis - Audio Book,Base.Disc_Retail,,,,,,,,,,,,,,
The Moderators S2.01,Base.VHS_Retail,,,,,,,,,,,,,,
The Moderators S2.02,Base.VHS_Retail,,,,,,,,,,,,,,
The Moderators S2.03,Base.VHS_Retail,,,,,,,,,,,,,,
The Moderators S2.04,Base.VHS_Retail,,,,,,,,,,,,,,
The Moderators S2.05,Base.VHS_Retail,,,,,,,,,,,,,,
The Omega Department S3.01,Base.VHS_Retail,,,,,,,,,,,,,,
The Omega Department S3.02,Base.VHS_Retail,,,,,,,,,,,,,,
The Omega Department S3.03,Base.VHS_Retail,,,,,,,,,,,,,,
The Omega Department S3.04,Base.VHS_Retail,,,,,,,,,,,,,,
The Omega Department S3.05,Base.VHS_Retail,,,,,,,,,,,,,,
The Omega Department S5.01,Base.VHS_Retail,,,,,,,,,,,,,,
The Omega Department S5.02,Base.VHS_Retail,,,,,,,,,,,,,,
The Omega Department S5.03,Base.VHS_Retail,,,,,,,,,,,,,,
The Omega Department S5.04,Base.VHS_Retail,,,,,,,,,,,,,,
The Omega Department S5.05,Base.VHS_Retail,,,,,,,,,,,,,,
The Signs of Satanism,Base.VHS_Home,,,,,,,,,,,,,,
The Smithing Magazine Vol. 1,Base.SmithingMag1,,,,,,,,,,,,,,
The Smithing Magazine Vol. 2,Base.SmithingMag2,,,,,,,,,,,,,,
The Smithing Magazine Vol. 3,Base.SmithingMag3,,,,,,,,,,,,,,
The Smithing Magazine Vol. 4,Base.SmithingMag4,,,,,,,,,,,,,,
The Thompsons S3.01,Base.VHS_Retail,,,,,,,,,,,,,,
The Thompsons S3.02,Base.VHS_Retail,,,,,,,,,,,,,,
The Thompsons S3.03,Base.VHS_Retail,,,,,,,,,,,,,,
The Thompsons S3.04,Base.VHS_Retail,,,,,,,,,,,,,,
The Thompsons S3.05,Base.VHS_Retail,,,,,,,,,,,,,,
Thistles,Base.Thistle,,,,,,,,,,,,,,
Thread,Base.Thread,,,,,,,,,,,,,,
Three Deaths and a Divorce,Base.VHS_Retail,,,,,,,,,,,,,,
Three-logs Stack,Base.LogStacks3,,,,,,,,,,,,,,
Thyme,Base.Thyme,,,,,,,,,,,,,,
Tie,Base.Tie_Full,,,,,,,,,,,,,,
Tight Fit Apron,Base.Apron_WhiteTEXTURE,,,,,,,,,,,,,,
Tights,Base.TightsBlack,,,,,,,,,,,,,,
Tights Semi Transparent,Base.TightsBlackSemiTrans,,,,,,,,,,,,,,
Tights Transparent,Base.TightsBlackTrans,,,,,,,,,,,,,,
Timbergap Manor,Base.VHS_Retail,,,,,,,,,,,,,,
Time for Love,Base.Disc_Retail,,,,,,,,,,,,,,
Timer,Base.Timer,,,,,,,,,,,,,,
Tin Foil Hat,Base.Hat_TinFoilHat,,,,,,,,,,,,,,
Tire Pump,Base.TirePump,,,,,,,,,,,,,,
Tired in Toronto,Base.VHS_Retail,,,,,,,,,,,,,,
Tissue,Base.Tissue,,,,,,,,,,,,,,
Toast,Base.Toast,,,,,,,,,,,,,,
Tofu,Base.Tofu,,,,,,,,,,,,,,
Toilet Paper,Base.ToiletPaper,,,,,,,,,,,,,,
Tomato,farming.Tomato,,,,,,,,,,,,,,
Tomato Paste,Base.TomatoPaste,,,,,,,,,,,,,,
Tomato Seeds,farming.TomatoSeed,,,,,,,,,,,,,,
Tomato Seeds Packet,farming.TomatoBagSeed,,,,,,,,,,,,,,
Tongs,Base.Tongs,,,,,,,,,,,,,,
Toolbox,Base.Toolbox,,,,,,,,,,,,,,
Toothbrush,Base.Toothbrush,,,,,,,,,,,,,,
Toothpaste,Base.Toothpaste,,,,,,,,,,,,,,
Tortilla,Base.Tortilla,,,,,,,,,,,,,,
Tortilla Chips,Base.TortillaChips,,,,,,,,,,,,,,
Tote Bag,Base.Tote,,,,,,,,,,,,,,
Toy Bear,Base.ToyBear,,,,,,,,,,,,,,
Toy Car,Base.ToyCar,,,,,,,,,,,,,,
Toys-R-Mine Walkie Talkie,Radio.WalkieTalkie1,,,,,,,,,,,,,,
Tracy & Polly 8th Bday (Cute!),Base.VHS_Home,,,,,,,,,,,,,,
Train Bomb,Base.VHS_Retail,,,,,,,,,,,,,,
Trapping Vol. 1,Base.BookTrapping1,,,,,,,,,,,,,,
Trapping Vol. 2,Base.BookTrapping2,,,,,,,,,,,,,,
Trapping Vol. 3,Base.BookTrapping3,,,,,,,,,,,,,,
Trapping Vol. 4,Base.BookTrapping4,,,,,,,,,,,,,,
Trapping Vol. 5,Base.BookTrapping5,,,,,,,,,,,,,,
Trauma Bag,Base.Bag_MedicalBag,,,,,,,,,,,,,,
Tree Branch,Base.TreeBranch,,,,,,,,,,,,,,
Tree Planting Guide,Base.VHS_Home,,,,,,,,,,,,,,
Trends in Commodities,Base.VHS_Home,,,,,,,,,,,,,,
Trout,Base.Trout,,,,,,,,,,,,,,
Trowel,farming.HandShovel,,,,,,,,,,,,,,
Trumpet,Base.Trumpet,,,,,,,,,,,,,,
Trunks,Base.Briefs_SmallTrunks_WhiteTINT,,,,,,,,,,,,,,
Tumbler,Base.GlassTumbler,,,,,,,,,,,,,,
Turquoise Paint,Base.PaintTurquoise,,,,,,,,,,,,,,
Tweezers,Base.Tweezers,,,,,,,,,,,,,,
Twigs,Base.Twigs,,,,,,,,,,,,,,
Twine,Base.Twine,,,,,,,,,,,,,,
Two-logs Stack,Base.LogStacks2,,,,,,,,,,,,,,
US Army Ham Radio,Radio.HamRadio2,,,,,,,,,,,,,,
US Army Walkie Talkie,Radio.WalkieTalkie5,,,,,,,,,,,,,,
USA Crash Helmet,Base.Hat_CrashHelmet_Stars,,,,,,,,,,,,,,
Umbrella,Base.UmbrellaRed,Base.UmbrellaBlue,Base.UmbrellaRed,Base.UmbrellaWhite,Base.ClosedUmbrellaBlack,Base.ClosedUmbrellaBlue,Base.ClosedUmbrellaRed,Base.ClosedUmbrellaWhite,,,,,,,
Uncle Billy's Kentucky Moonshine,Base.Disc_Retail,,,,,,,,,,,,,,
Underpants,Base.Underpants_White,,,,,,,,,,,,,,
Underwear,Base.Male_Undies,Base.Underwear2,,,,,,,,,,,,,
Unusable Metal,Base.UnusableMetal,,,,,,,,,,,,,,
Up with the Joneses,Base.VHS_Home,,,,,,,,,,,,,,
V-neck Sweater,Base.Jumper_VNeck,,,,,,,,,,,,,,
V-neck Sweater Vest,Base.Jumper_TankTopTINT,,,,,,,,,,,,,,
V1 Remote Controller,Base.RemoteCraftedV1,,,,,,,,,,,,,,
V2 Remote Controller,Base.RemoteCraftedV2,,,,,,,,,,,,,,
V3 Remote Controller,Base.RemoteCraftedV3,,,,,,,,,,,,,,
VHS,Base.VHS,Base.VHS_Retail,Base.VHS_Home,,,,,,,,,,,,
ValuTech PortaDisc,Radio.CDplayer,,,,,,,,,,,,,,
ValuTech Radio,Radio.RadioBlack,,,,,,,,,,,,,,
ValuTech Television,Radio.TvBlack,,,,,,,,,,,,,,
ValuTech Walkie Talkie,Radio.WalkieTalkie2,,,,,,,,,,,,,,
Varsity Jacket,Base.Jacket_Varsity,,,,,,,,,,,,,,
Vegetable Oil,Base.OilVegetable,,,,,,,,,,,,,,
Video Game,Base.VideoGame,,,,,,,,,,,,,,
Vinegar,Base.Vinegar,,,,,,,,,,,,,,
Violets,Base.Violets,,,,,,,,,,,,,,
Violin,Base.Violin,,,,,,,,,,,,,,
Visor,Base.Hat_Visor_WhiteTINT,,,,,,,,,,,,,,
Visor (black),Base.Hat_VisorBlack,,,,,,,,,,,,,,
Visor (red),Base.Hat_VisorRed,,,,,,,,,,,,,,
Vitamins,Base.PillsVitamins,,,,,,,,,,,,,,
Waffles,Base.WafflesRecipe,Base.WafflesRecipe,,,,,,,,,,,,,
Waffles (crafted),Base.WafflesRecipe,,,,,,,,,,,,,,
Waistcoat,Base.Vest_WaistcoatTINT,,,,,,,,,,,,,,
Waistcoat (black),Base.Vest_Waistcoat,,,,,,,,,,,,,,
Walden - Audio Book,Base.Disc_Retail,,,,,,,,,,,,,,
Walkie Talkie,,,,,,,,,,,,,,,
Wallet (black),,,,,,,,,,,,,,,
Wallet (brown),Base.Wallet3,,,,,,,,,,,,,,
Wallet (leather),Base.Wallet4,,,,,,,,,,,,,,
Wallet (purple),Base.Wallet2,,,,,,,,,,,,,,
War Front,Base.VHS_Retail,,,,,,,,,,,,,,
Wasabi,Base.Wasabi,,,,,,,,,,,,,,
Washington High DO NOT TOUCH,Base.VHS_Home,,,,,,,,,,,,,,
Washington High S5.01,Base.VHS_Retail,,,,,,,,,,,,,,
Washington High S5.02,Base.VHS_Retail,,,,,,,,,,,,,,
Washington High S5.03,Base.VHS_Retail,,,,,,,,,,,,,,
Washington High S5.04,Base.VHS_Retail,,,,,,,,,,,,,,
Washington High S5.05,Base.VHS_Retail,,,,,,,,,,,,,,
Water Bottle,Base.BeerWaterFull,Base.WaterBottleFull,,,,,,,,,,,,,
Water Bottle (Beer),Base.BeerEmpty,Base.BeerWaterFull,,,,,,,,,,,,,
Water Bottle (Bourbon),Base.WhiskeyEmpty,Base.WhiskeyWaterFull,,,,,,,,,,,,,
Water Bottle (Mayonnaise),farming.MayonnaiseEmpty,farming.MayonnaiseWaterFull,,,,,,,,,,,,,
Water Bottle (Orange Soda),Base.PopBottleEmpty,Base.WaterPopBottle,,,,,,,,,,,,,
Water Bottle (Remoulade),farming.RemouladeEmpty,farming.RemouladeWaterFull,,,,,,,,,,,,,
Water Bottle (White Wine),Base.WineEmpty,Base.WineWaterFull,,,,,,,,,,,,,
Water Dish,Base.WaterDish,,,,,,,,,,,,,,
Watering Can,farming.WateredCan,farming.WateredCanFull,,,,,,,,,,,,,
Watermelon,Base.Watermelon,,,,,,,,,,,,,,
Watermelon Chunks,Base.WatermelonSmashed,,,,,,,,,,,,,,
Watermelon Slice,Base.WatermelonSliced,,,,,,,,,,,,,,
Wedding Dress,Base.WeddingDress,,,,,,,,,,,,,,
Wedding Jacket,Base.WeddingJacket,,,,,,,,,,,,,,
Wedding Ring,Base.WeddingRing_Woman,Base.WeddingRing_Woman,,,,,,,,,,,,,
Wedding Veil,Base.Hat_WeddingVeil,,,,,,,,,,,,,,
Wedding video!!!!,Base.VHS_Home,,,,,,,,,,,,,,
Welder Mask,Base.WeldingMask,,,,,,,,,,,,,,
Welding Rods,Base.WeldingRods,,,,,,,,,,,,,,
Where is Everybody?,Base.Disc_Retail,,,,,,,,,,,,,,
White Chess Pieces,Base.ChessWhite,,,,,,,,,,,,,,
White Fireman T-shirt,Base.Tshirt_Profession_FiremanWhite,,,,,,,,,,,,,,
White Game Pieces,Base.GamePieceWhite,,,,,,,,,,,,,,
White Hair Dye,Base.HairDyeWhite,,,,,,,,,,,,,,
White Paint,Base.PaintWhite,,,,,,,,,,,,,,
White Police T-shirt,Base.Tshirt_Profession_PoliceWhite,,,,,,,,,,,,,,
White Wine,Base.Wine,,,,,,,,,,,,,,
Who's Better?,Base.Disc_Retail,,,,,,,,,,,,,,
Wild Eggs,Base.WildEggs,,,,,,,,,,,,,,
Wild Garlic,Base.WildGarlic2,Base.WildGarlic2,Base.WildGarlicCataplasm,,,,,,,,,,,,
Wild Racoons Leather Jacket,Base.Jacket_LeatherWildRacoons,,,,,,,,,,,,,,
Will/Ana Wedding,Base.VHS_Home,,,,,,,,,,,,,,
Wine Glass,Base.GlassWine,,,,,,,,,,,,,,
Wine in a Glass,Base.WineInGlass,,,,,,,,,,,,,,
Winter Hat,Base.Hat_WinterHat,,,,,,,,,,,,,,
Winterberry,Base.WinterBerry,,,,,,,,,,,,,,
Wire,Base.Wire,,,,,,,,,,,,,,
Wood Axe,Base.WoodAxe,,,,,,,,,,,,,,
Wood Glue,Base.Woodglue,,,,,,,,,,,,,,
Woodcraft E1,Base.VHS_Retail,,,,,,,,,,,,,,
Woodcraft E2,Base.VHS_Retail,,,,,,,,,,,,,,
Woodcraft E3,Base.VHS_Retail,,,,,,,,,,,,,,
Woodcraft E4,Base.VHS_Retail,,,,,,,,,,,,,,
Woodcraft E5,Base.VHS_Retail,,,,,,,,,,,,,,
Woodcraft E6,Base.VHS_Retail,,,,,,,,,,,,,,
Woodcraft E7,Base.VHS_Retail,,,,,,,,,,,,,,
Wooden Cutting Board,Base.CuttingBoardWooden,,,,,,,,,,,,,,
Wooden Mallet,Base.WoodenMallet,,,,,,,,,,,,,,
Wooden Spear,Base.WoodenLance,,,,,,,,,,,,,,
Woolly Hat,Base.Hat_WoolyHat,,,,,,,,,,,,,,
Wordsearch Magazine,Base.MagazineWordsearch3,Base.MagazineWordsearch2,Base.MagazineWordsearch3,,,,,,,,,,,,
Workable Iron,Base.IronIngot,,,,,,,,,,,,,,
Workman Shirt,Base.Shirt_Workman,,,,,,,,,,,,,,
Worm,Base.Worm,,,,,,,,,,,,,,
Wrench,Base.Wrench,,,,,,,,,,,,,,
X2 Scope,Base.x2Scope,,,,,,,,,,,,,,
X4 Scope,Base.x4Scope,,,,,,,,,,,,,,
X8 Scope,Base.x8Scope,,,,,,,,,,,,,,
XYZ's with Abe E. Seez!,Base.VHS_Home,,,,,,,,,,,,,,
Xmas '91,Base.VHS_Home,,,,,,,,,,,,,,
Xmas Play,Base.VHS_Home,,,,,,,,,,,,,,
Yarn,Base.Yarn,,,,,,,,,,,,,,
Yeast,Base.Yeast,,,,,,,,,,,,,,
Yellow Hair Dye,Base.HairDyeYellow,,,,,,,,,,,,,,
Yellow Light Bulb,Base.LightBulbYellow,,,,,,,,,,,,,,
Yellow Paint,Base.PaintYellow,,,,,,,,,,,,,,
Yogurt,Base.Yoghurt,,,,,,,,,,,,,,
You Are Dead,Base.VHS_Retail,,,,,,,,,,,,,,
You Love Me Too,Base.Disc_Retail,,,,,,,,,,,,,,
You're Gone,Base.Disc_Retail,,,,,,,,,,,,,,
Your smile. Your kiss.,Base.Disc_Retail,,,,,,,,,,,,,,
Yoyo,Base.Yoyo,,,,,,,,,,,,,,
Z Hurricanes Baseball Helmet,Base.Hat_BaseballHelmet_Z,,,,,,,,,,,,,,
Z Hurricanes Baseball Shirt,Base.Shirt_Baseball_Z,,,,,,,,,,,,,,
Z-Squad S2.01,Base.VHS_Retail,,,,,,,,,,,,,,
Z-Squad S2.02,Base.VHS_Retail,,,,,,,,,,,,,,
Z-Squad S2.03,Base.VHS_Retail,,,,,,,,,,,,,,
Z-Squad S2.04,Base.VHS_Retail,,,,,,,,,,,,,,
Z-Squad S2.05,Base.VHS_Retail,,,,,,,,,,,,,,
Zucchini,Base.Zucchini,,,,,,,,,,,,,,
